rank,player,teams,matches,goals,penalties,rate
1,Gerd Müller,Bayern München,427,365,51,0.85
2,Klaus Fischer,"TSV 1860 München
																				FC Schalke 04
																				1. FC Köln
																				VfL Bochum",535,268,10,0.50
3,Jupp Heynckes,"Hannover 96
																				Bor. Mönchengladbach",369,220,12,0.60
4,Manfred Burgsmüller,"Werder Bremen
																				Borussia Dortmund
																				1. FC Nürnberg
																				Rot-Weiss Essen",447,213,7,0.48
5,Robert Lewandowski *,"Borussia Dortmund
																				Bayern München",289,202,22,0.70
6,Claudio Pizarro *,"Werder Bremen
																				1. FC Köln
																				Bayern München",471,196,10,0.42
7,Ulf Kirsten,Bayer Leverkusen,350,182,14,0.52
8,Stefan Kuntz,"1. FC Kaiserslautern
																				Arminia Bielefeld
																				VfL Bochum
																				KFC Uerdingen 05",449,179,30,0.40
9,Klaus Allofs,"Werder Bremen
																				1. FC Köln
																				Fortuna Düsseldorf",424,177,10,0.42
,Dieter Müller,"1. FC Saarbrücken
																				1. FC Köln
																				VfB Stuttgart",303,177,5,0.58
11,Mario Gomez *,"VfB Stuttgart
																				Bayern München
																				VfL Wolfsburg",327,170,8,0.52
12,Hannes Löhr,1. FC Köln,381,166,12,0.44
13,Karl-Heinz Rummenigge,Bayern München,310,162,6,0.52
14,Bernd Hölzenbein,Eintracht Frankfurt,420,160,8,0.38
15,Fritz Walter,"VfB Stuttgart
																				Waldhof Mannheim",348,157,17,0.45
16,Thomas Allofs,"1. FC Köln
																				1. FC Kaiserslautern
																				Fortuna Düsseldorf",378,148,3,0.39
17,Stefan Kießling,"1. FC Nürnberg
																				Bayer Leverkusen",403,144,9,0.36
18,Bernd Nickel,Eintracht Frankfurt,426,141,9,0.33
19,Uwe Seeler,Hamburger SV,239,137,3,0.57
20,Horst Hrubesch,"Borussia Dortmund
																				Hamburger SV
																				Rot-Weiss Essen",224,136,7,0.61
21,Giovane Élber,"VfB Stuttgart
																				Bayern München",260,133,0,0.51
22,Rudi Völler,"Werder Bremen
																				TSV 1860 München
																				Bayer Leverkusen",232,132,4,0.57
23,Michael Zorc,Borussia Dortmund,463,131,49,0.28
24,Karl Allgöwer,VfB Stuttgart,338,129,13,0.38
25,Dieter Hoeneß,"VfB Stuttgart
																				Bayern München",288,127,2,0.44
26,Martin Max,"TSV 1860 München
																				FC Schalke 04
																				Bor. Mönchengladbach
																				Hansa Rostock",396,126,6,0.32
27,Georg Volkert,"Hamburger SV
																				1. FC Nürnberg
																				VfB Stuttgart",410,125,31,0.30
28,Frank Mill,"Borussia Dortmund
																				Bor. Mönchengladbach
																				Fortuna Düsseldorf
																				Rot-Weiss Essen",387,123,8,0.32
29,Miroslav Klose,"Werder Bremen
																				1. FC Kaiserslautern
																				Bayern München",307,121,6,0.39
,Herbert Laumen,"Werder Bremen
																				1. FC Kaiserslautern
																				Bor. Mönchengladbach",267,121,0,0.45
,Lothar Matthäus,"Bor. Mönchengladbach
																				Bayern München",464,121,30,0.26
32,Vedad Ibišević *,"Hertha BSC
																				VfB Stuttgart
																				Alemannia Aachen
																				1899 Hoffenheim",314,120,17,0.38
,Roland Wohlfarth,"MSV Duisburg
																				Bayern München",287,120,2,0.42
34,Bernd Rupp,"Werder Bremen
																				1. FC Köln
																				Bor. Mönchengladbach",274,119,0,0.43
,Ronnie Worm,"MSV Duisburg
																				Eintracht Braunschweig",380,119,0,0.31
36,Pierre Littbarski,1. FC Köln,406,116,14,0.29
37,Lothar Emmerich,Borussia Dortmund,183,115,9,0.63
,Marco Reus *,"Borussia Dortmund
																				Bor. Mönchengladbach",259,115,12,0.44
39,Reiner Geye,"1. FC Kaiserslautern
																				Fortuna Düsseldorf",485,113,6,0.23
40,Kevin Kurányi,"FC Schalke 04
																				VfB Stuttgart",275,111,0,0.40
41,Jürgen Klinsmann,"VfB Stuttgart
																				Bayern München",221,110,4,0.50
,Andreas Möller,"Eintracht Frankfurt
																				FC Schalke 04
																				Borussia Dortmund",429,110,8,0.26
,Thomas Müller *,Bayern München,317,110,13,0.35
44,Jürgen Grabowski,Eintracht Frankfurt,441,109,15,0.25
45,Fredi Bobic,"Hertha BSC
																				Borussia Dortmund
																				VfB Stuttgart
																				Hannover 96",285,108,0,0.38
,Klaus Toppmöller,1. FC Kaiserslautern,204,108,4,0.53
47,Uwe Rahn,"Eintracht Frankfurt
																				Hertha BSC
																				1. FC Köln
																				Bor. Mönchengladbach
																				Fortuna Düsseldorf",318,107,7,0.34
48,Ailton,"Werder Bremen
																				FC Schalke 04
																				Hamburger SV
																				MSV Duisburg",219,106,17,0.48
,Stéphane Chapuisat,"Borussia Dortmund
																				KFC Uerdingen 05",228,106,2,0.46
,Christian Schreier,"Fortuna Düsseldorf
																				VfL Bochum
																				Bayer Leverkusen",331,106,20,0.32
* Active player,NA,NA,NA,NA,NA,NA
51,Bruno Labbadia,"Werder Bremen
																				Hamburger SV
																				1. FC Köln
																				1. FC Kaiserslautern
																				Bayern München
																				Arminia Bielefeld",328,103,1,0.31
52,Marco Bode,Werder Bremen,379,101,0,0.27
53,Thomas von Heesen,"Hamburger SV
																				Arminia Bielefeld",378,100,5,0.26
54,Pierre-Emerick Aubameyang *,Borussia Dortmund,144,98,10,0.68
,Beom-geun Cha,"Eintracht Frankfurt
																				Bayer Leverkusen",308,98,0,0.32
,Erwin Kostedde,"Werder Bremen
																				Hertha BSC
																				Borussia Dortmund
																				MSV Duisburg
																				Kickers Offenbach",219,98,0,0.45
,Arjen Robben *,Bayern München,200,98,11,0.49
,Mehmet Scholl,"Karlsruher SC
																				Bayern München",392,98,11,0.25
59,Franz Brungs,"Hertha BSC
																				Borussia Dortmund
																				1. FC Nürnberg",235,97,0,0.41
,Frank Neubarth,Werder Bremen,317,97,0,0.31
61,Hermann Ohlicher,VfB Stuttgart,318,96,4,0.30
,Tony Yeboah,"Eintracht Frankfurt
																				Hamburger SV",223,96,3,0.43
63,Sergej Barbarez,"Borussia Dortmund
																				Hamburger SV
																				Bayer Leverkusen
																				Hansa Rostock",330,95,5,0.29
,Erich Beer,"Hertha BSC
																				1. FC Nürnberg
																				Rot-Weiss Essen",342,95,7,0.28
65,Hans-Jörg Criens,"1. FC Nürnberg
																				Bor. Mönchengladbach",303,94,5,0.31
66,Paul Breitner,"Eintracht Braunschweig
																				Bayern München",285,93,31,0.33
,Alexander Meier *,Eintracht Frankfurt,276,93,8,0.34
,Willi Reimann,"Hamburger SV
																				Hannover 96",287,93,5,0.32
69,Willi Lippens,"Borussia Dortmund
																				Rot-Weiss Essen",242,92,1,0.38
70,Uwe Bein,"Eintracht Frankfurt
																				Hamburger SV
																				1. FC Köln
																				Kickers Offenbach",300,91,10,0.30
,Oliver Neuville,"Bor. Mönchengladbach
																				Bayer Leverkusen
																				Hansa Rostock",334,91,8,0.27
,Michael Preetz,"Hertha BSC
																				MSV Duisburg
																				Fortuna Düsseldorf",257,91,3,0.35
,Rüdiger Wenzel,"Eintracht Frankfurt
																				Fortuna Düsseldorf
																				FC St. Pauli",300,91,5,0.30
74,Toni Polster,"1. FC Köln
																				Bor. Mönchengladbach",181,90,19,0.50
75,Wolfgang Frank,"Borussia Dortmund
																				1. FC Nürnberg
																				VfB Stuttgart
																				Eintracht Braunschweig",215,89,3,0.41
76,Cacau,"1. FC Nürnberg
																				VfB Stuttgart",307,88,1,0.29
77,Werner Weist,"Werder Bremen
																				Borussia Dortmund",217,87,1,0.40
78,Karl-Heinz Handschuh,"VfB Stuttgart
																				Eintracht Braunschweig",358,86,7,0.24
,Uli Hoeneß,Bayern München,250,86,1,0.34
80,Franck Ribéry *,Bayern München,272,85,3,0.31
81,Dieter Eckstein,"Eintracht Frankfurt
																				FC Schalke 04
																				1. FC Nürnberg",289,84,2,0.29
,Lothar Ulsaß,Eintracht Braunschweig,201,84,16,0.42
83,Friedhelm Funkel,"1. FC Kaiserslautern
																				KFC Uerdingen 05",320,83,18,0.26
,Horst Köppel,"VfB Stuttgart
																				Bor. Mönchengladbach",308,83,0,0.27
,Wolfgang Overath,1. FC Köln,409,83,10,0.20
,Raffael *,"FC Schalke 04
																				Hertha BSC
																				Bor. Mönchengladbach",282,83,4,0.29
87,Klaas Jan Huntelaar *,FC Schalke 04,175,82,9,0.47
,Günter Netzer,Bor. Mönchengladbach,230,82,28,0.36
,Olaf Thon,"FC Schalke 04
																				Bayern München",443,82,13,0.19
90,Heinz Flohe,"TSV 1860 München
																				1. FC Köln",343,81,8,0.24
91,Michael Rummenigge,"Borussia Dortmund
																				Bayern München",309,80,5,0.26
92,Wolfgang Seel,"1. FC Saarbrücken
																				1. FC Kaiserslautern
																				Fortuna Düsseldorf",361,79,0,0.22
93,Roy Makaay,Bayern München,129,78,8,0.60
94,Rüdiger Abramczik,"FC Schalke 04
																				Borussia Dortmund
																				1. FC Nürnberg",316,77,0,0.24
,Michael Ballack,"1. FC Kaiserslautern
																				Bayern München
																				Bayer Leverkusen",267,77,8,0.29
,Bernard Dietz,"FC Schalke 04
																				MSV Duisburg",495,77,6,0.16
,Marcelinho,"Hertha BSC
																				VfL Wolfsburg",205,77,15,0.38
98,Manfred Kaltz,Hamburger SV,581,76,53,0.13
,Allan Simonsen,Bor. Mönchengladbach,178,76,6,0.43
,Heinz Strehl,1. FC Nürnberg,174,76,6,0.44
* Active player,NA,NA,NA,NA,NA,NA
101,Heiko Herrlich,"Borussia Dortmund
																				Bor. Mönchengladbach
																				Bayer Leverkusen",258,75,2,0.29
,Lorenz Horr,Hertha BSC,240,75,12,0.31
,Jürgen Röber,"Werder Bremen
																				Bayer Leverkusen",303,75,17,0.25
104,Dieter Brenninger,"VfB Stuttgart
																				Bayern München",271,74,5,0.27
,Werner Görts,"Werder Bremen
																				Borussia Neunkirchen",391,74,0,0.19
,Max Kruse *,"Werder Bremen
																				Bor. Mönchengladbach
																				FC St. Pauli
																				SC Freiburg
																				VfL Wolfsburg",250,74,14,0.30
,Herbert Waas,"Hamburger SV
																				Bayer Leverkusen",247,74,5,0.30
108,Ebbe Sand,FC Schalke 04,214,73,0,0.34
109,Sigfried Held,"Borussia Dortmund
																				Kickers Offenbach
																				KFC Uerdingen 05",422,72,0,0.17
,Timo Konietzka,"TSV 1860 München
																				Borussia Dortmund",100,72,0,0.72
,Ivica Olić,"Hamburger SV
																				Bayern München
																				VfL Wolfsburg",238,72,0,0.30
,Karl-Heinz Riedle,"Werder Bremen
																				Borussia Dortmund
																				Blau-Weiß 90 Berlin",207,72,0,0.35
,Franz Roth,Bayern München,322,72,4,0.22
,Hans Siemensmeyer,Hannover 96,278,72,11,0.26
115,Stefan Effenberg,"Bor. Mönchengladbach
																				Bayern München
																				VfL Wolfsburg",370,71,18,0.19
,Diego Klimowicz,"Borussia Dortmund
																				VfL Bochum
																				VfL Wolfsburg",213,71,0,0.33
,Christian Müller,"Karlsruher SC
																				1. FC Köln",131,71,0,0.54
118,Hans-Joachim Abel,"FC Schalke 04
																				Fortuna Düsseldorf
																				VfL Bochum",183,70,16,0.38
,Lukas Podolski *,"1. FC Köln
																				Bayern München",210,70,11,0.33
120,Dimitar Berbatov,Bayer Leverkusen,154,69,5,0.45
,Arnold Schütz,Werder Bremen,253,69,19,0.27
,Jürgen Wegmann,"FC Schalke 04
																				Borussia Dortmund
																				Bayern München",203,69,1,0.34
,Reinhold Wosab,"Borussia Dortmund
																				VfL Bochum",257,69,4,0.27
124,Bernd Gersdorff,"Hertha BSC
																				Eintracht Braunschweig
																				Bayern München",300,68,10,0.23
,Thomas Häßler,"TSV 1860 München
																				Karlsruher SC
																				Borussia Dortmund
																				1. FC Köln",400,68,16,0.17
,Norbert Meier,"Werder Bremen
																				Bor. Mönchengladbach",292,68,0,0.23
,Frank Ordenewitz,"Werder Bremen
																				Hamburger SV
																				1. FC Köln",272,68,15,0.25
,Paulo Sérgio,"Bayern München
																				Bayer Leverkusen",198,68,5,0.34
129,Halil Altintop,"Eintracht Frankfurt
																				FC Schalke 04
																				1. FC Kaiserslautern
																				FC Augsburg",351,67,0,0.19
,Jørn Andersen,"Eintracht Frankfurt
																				Hamburger SV
																				1. FC Nürnberg
																				Fortuna Düsseldorf",243,67,2,0.28
,Holger Fach,"Bor. Mönchengladbach
																				Fortuna Düsseldorf
																				KFC Uerdingen 05
																				Bayer Leverkusen",416,67,1,0.16
,Uwe Reinders,Werder Bremen,206,67,16,0.33
,Kevin Volland *,"Bayer Leverkusen
																				1899 Hoffenheim",219,67,3,0.31
,Bernhard Winkler,"TSV 1860 München
																				1. FC Kaiserslautern",190,67,11,0.35
135,Rudolf Brunnenmeier,TSV 1860 München,119,66,4,0.55
,Edin Džeko *,VfL Wolfsburg,111,66,2,0.59
,Martin Harnik *,"Werder Bremen
																				VfB Stuttgart
																				Hannover 96",238,66,0,0.28
,Willi Huberts,Eintracht Frankfurt,213,66,9,0.31
,Wolfram Wuttke,"FC Schalke 04
																				Hamburger SV
																				1. FC Kaiserslautern
																				Bor. Mönchengladbach",299,66,8,0.22
140,Siegfried Reich,"Borussia Dortmund
																				Hannover 96
																				Bor. Mönchengladbach
																				Arminia Bielefeld
																				KFC Uerdingen 05",178,65,11,0.37
,Carl-Heinz Rühl,"Hertha BSC
																				1. FC Köln
																				MSV Duisburg",204,65,2,0.32
,Rudolf Seliger,MSV Duisburg,288,65,8,0.23
143,Frank Hartmann,"FC Schalke 04
																				1. FC Köln
																				1. FC Kaiserslautern
																				SG Wattenscheid 09",300,64,1,0.21
,Rainer Ohlhauser,Bayern München,160,64,0,0.40
145,Hans-Günter Bruns,"FC Schalke 04
																				Bor. Mönchengladbach",366,63,5,0.17
,Jimmy Hartwig,"TSV 1860 München
																				Hamburger SV
																				1. FC Köln",244,63,0,0.26
,Timo Werner *,"VfB Stuttgart
																				RB Leipzig",188,63,4,0.34
148,Mario Basler,"Werder Bremen
																				1. FC Kaiserslautern
																				Bayern München",262,62,7,0.24
,Rainer Budde,"FC Schalke 04
																				MSV Duisburg
																				Fortuna Düsseldorf",207,62,3,0.30
,Wilfried Hannes,"FC Schalke 04
																				Bor. Mönchengladbach",309,62,31,0.20
* Active player,NA,NA,NA,NA,NA,NA
151,Franz-Josef Hönig,Hamburger SV,205,62,3,0.30
,Willi Neuberger,"Werder Bremen
																				Eintracht Frankfurt
																				Borussia Dortmund
																				Wuppertaler SV",520,62,1,0.12
,Nils Petersen *,"Werder Bremen
																				Bayern München
																				SC Freiburg",179,62,9,0.35
,Markus Schroth,"TSV 1860 München
																				Karlsruher SC
																				1. FC Nürnberg",300,62,0,0.21
155,Jonathan Akpoborie,"VfB Stuttgart
																				Hansa Rostock
																				VfL Wolfsburg",144,61,0,0.42
,Sean Dundee,"Karlsruher SC
																				VfB Stuttgart",162,61,3,0.38
,Jan Koller,"Borussia Dortmund
																				1. FC Nürnberg",152,61,1,0.40
,Erwin Kremers,"FC Schalke 04
																				Bor. Mönchengladbach
																				Kickers Offenbach",261,61,2,0.23
,Josef Pirrung,1. FC Kaiserslautern,305,61,2,0.20
,Roland Sandberg,1. FC Kaiserslautern,118,61,0,0.52
,Klaus Zaczyk,"Karlsruher SC
																				Hamburger SV
																				1. FC Nürnberg",400,61,5,0.15
162,Martin Dahlin,Bor. Mönchengladbach,133,60,0,0.45
,Jan Furtok,"Eintracht Frankfurt
																				Hamburger SV",188,60,7,0.32
,Olaf Marschall,"1. FC Kaiserslautern
																				Dynamo Dresden",176,60,4,0.34
,Harald Spörl,Hamburger SV,321,60,11,0.19
166,Atli Eðvaldsson,"Borussia Dortmund
																				Fortuna Düsseldorf
																				KFC Uerdingen 05",224,59,2,0.26
,Grafite,VfL Wolfsburg,107,59,12,0.55
,Andreas Herzog,"Werder Bremen
																				Bayern München",264,59,14,0.22
,Norbert Janzon,"FC Schalke 04
																				Karlsruher SC
																				Bayern München
																				Kickers Offenbach",200,59,0,0.30
,Bernd Klotz,"Borussia Dortmund
																				VfB Stuttgart
																				Fortuna Düsseldorf
																				Waldhof Mannheim",250,59,1,0.24
,Stefan Kohn,"Werder Bremen
																				FC Schalke 04
																				1. FC Köln
																				Hannover 96
																				VfL Bochum
																				Bayer Leverkusen",244,59,5,0.24
,Anthony Modeste *,"1. FC Köln
																				1899 Hoffenheim",123,59,6,0.48
,Wynton Rufer,Werder Bremen,174,59,11,0.34
,Hans-Jürgen Wittkamp,"FC Schalke 04
																				Bor. Mönchengladbach",280,59,0,0.21
175,Charly Dörfel,Hamburger SV,224,58,2,0.26
,Günter Thiele,"Bor. Mönchengladbach
																				Fortuna Düsseldorf",191,58,0,0.30
,Hartmut Weiß,"VfB Stuttgart
																				Eintracht Braunschweig",169,58,2,0.34
178,Rainer Bonhof,"Hertha BSC
																				1. FC Köln
																				Bor. Mönchengladbach",311,57,20,0.18
,Diego *,"Werder Bremen
																				VfL Wolfsburg",161,57,11,0.35
,Mike Hanke,"FC Schalke 04
																				Hannover 96
																				Bor. Mönchengladbach
																				SC Freiburg
																				VfL Wolfsburg",284,57,1,0.20
,Ferdinand Keller,"TSV 1860 München
																				Hamburger SV
																				Hannover 96",125,57,2,0.46
,Hans Küppers,"TSV 1860 München
																				1. FC Nürnberg",153,57,4,0.37
183,Stefan Beinlich,"Hertha BSC
																				Hamburger SV
																				Bayer Leverkusen
																				Hansa Rostock",288,56,8,0.19
,Aaron Hunt *,"Werder Bremen
																				Hamburger SV
																				VfL Wolfsburg",304,56,11,0.18
,Andrzej Juskowiak,"Bor. Mönchengladbach
																				VfL Wolfsburg
																				Energie Cottbus",184,56,0,0.30
,Karl-Heinz Thielen,1. FC Köln,221,56,0,0.25
187,Theofanis Gekas,"Eintracht Frankfurt
																				Hertha BSC
																				VfL Bochum
																				Bayer Leverkusen",133,55,6,0.41
,Christian Hochstätter,Bor. Mönchengladbach,339,55,0,0.16
,Horst-Dieter Höttges,Werder Bremen,420,55,40,0.13
,Heinz Simmet,"1. FC Köln
																				Borussia Neunkirchen
																				Rot-Weiss Essen",419,55,0,0.13
,Benny Wendt,"1. FC Kaiserslautern
																				TeBe Berlin",152,55,2,0.36
192,Ioannis Amanatidis,"Eintracht Frankfurt
																				1. FC Kaiserslautern
																				VfB Stuttgart",198,54,5,0.27
,Krassimir Balakov,VfB Stuttgart,236,54,19,0.23
,Dieter Bast,"Rot-Weiss Essen
																				VfL Bochum
																				Bayer Leverkusen",412,54,12,0.13
,Rudi Bommer,"Eintracht Frankfurt
																				Fortuna Düsseldorf
																				KFC Uerdingen 05",417,54,7,0.13
,Thomas Brdaric,"VfB Stuttgart
																				Hannover 96
																				Bayer Leverkusen
																				VfL Wolfsburg",204,54,1,0.26
,Mario Götze *,"Borussia Dortmund
																				Bayern München",215,54,1,0.25
,Walter Kelsch,"VfB Stuttgart
																				FC 08 Homburg",246,54,1,0.22
,Hansi Müller,VfB Stuttgart,143,54,9,0.38
,Uwe Wegmann,"1. FC Kaiserslautern
																				VfL Bochum",240,54,4,0.23
* Active player,NA,NA,NA,NA,NA,NA
201,Alexander Zickler,"Bayern München
																				Dynamo Dresden",232,54,0,0.23
202,Ingo Anderbrügge,"FC Schalke 04
																				Borussia Dortmund",292,53,20,0.18
,Herbert Büssers,MSV Duisburg,256,53,0,0.21
,Pille Gecks,"MSV Duisburg
																				Rot-Weiss Essen
																				Kickers Offenbach",192,53,0,0.28
,Erwin Hermandung,"Hertha BSC
																				Alemannia Aachen",290,53,0,0.18
,Carsten Jancker,"1. FC Köln
																				1. FC Kaiserslautern
																				Bayern München",178,53,0,0.30
,Mario Mandžukić *,"Bayern München
																				VfL Wolfsburg",110,53,1,0.48
,Jürgen Milewski,"Hertha BSC
																				Hamburger SV
																				Hannover 96",171,53,0,0.31
,Hans Walitza,VfL Bochum,108,53,1,0.49
210,Klaus Augenthaler,Bayern München,404,52,0,0.13
,Ole Bjørnmose,"Werder Bremen
																				Hamburger SV",323,52,0,0.16
,Jupp Kaczor,"Eintracht Frankfurt
																				VfL Bochum",157,52,0,0.33
,Manfred Pohlschmidt,"FC Schalke 04
																				Preußen Münster
																				Hamburger SV",186,52,3,0.28
,Hasan Salihamidžić,"Hamburger SV
																				Bayern München
																				VfL Wolfsburg",321,52,4,0.16
,Klaus Wunder,"Werder Bremen
																				MSV Duisburg
																				Hannover 96
																				Bayern München",209,52,3,0.25
216,Bernd Hobsch,"Werder Bremen
																				TSV 1860 München",150,51,0,0.34
,Martin Kree,"Borussia Dortmund
																				VfL Bochum
																				Bayer Leverkusen",401,51,15,0.13
,Mladen Petrić,"Borussia Dortmund
																				Hamburger SV",128,51,5,0.40
,Bachirou Salou,"Eintracht Frankfurt
																				Borussia Dortmund
																				MSV Duisburg
																				Bor. Mönchengladbach
																				Hansa Rostock",254,51,0,0.20
,Souleyman Sané,"1. FC Nürnberg
																				SG Wattenscheid 09",174,51,0,0.29
,André Schürrle *,"Borussia Dortmund
																				Bayer Leverkusen
																				VfL Wolfsburg
																				1. FSV Mainz 05",207,51,4,0.25
,Ádám Szalai *,"FC Schalke 04
																				1. FSV Mainz 05
																				1899 Hoffenheim",218,51,1,0.23
,Klaus Täuber,"FC Schalke 04
																				1. FC Nürnberg
																				Bayer Leverkusen",137,51,8,0.37
,Herbert Wimmer,Bor. Mönchengladbach,366,51,0,0.14
225,Gerald Asamoah,"FC Schalke 04
																				FC St. Pauli",323,50,0,0.15
,Andreas Brehme,"1. FC Kaiserslautern
																				Bayern München",301,50,18,0.17
,Ivan Klasnić,"Werder Bremen
																				1. FSV Mainz 05",154,50,0,0.32
,Helmut Kremers,"FC Schalke 04
																				Bor. Mönchengladbach
																				Kickers Offenbach",273,50,9,0.18
,Pavel Kuka,"1. FC Nürnberg
																				1. FC Kaiserslautern
																				VfB Stuttgart",144,50,1,0.35
,Lars Stindl *,"Karlsruher SC
																				Hannover 96
																				Bor. Mönchengladbach",266,50,1,0.19
,Marcel Witeczek,"1. FC Kaiserslautern
																				Bor. Mönchengladbach
																				Bayern München
																				KFC Uerdingen 05",410,50,0,0.12
232,Torsten Frings,"Werder Bremen
																				Borussia Dortmund
																				Bayern München",402,49,12,0.12
,Peter Grosser,TSV 1860 München,130,49,5,0.38
,Andrej Kramarić *,1899 Hoffenheim,112,49,13,0.44
,Werner Krämer,"Hamburger SV
																				MSV Duisburg
																				VfL Bochum",192,49,0,0.26
,Ewald Lienen,"MSV Duisburg
																				Bor. Mönchengladbach
																				Arminia Bielefeld",333,49,0,0.15
,Lars Ricken,Borussia Dortmund,301,49,1,0.16
,Johannes Riedl,"Hertha BSC
																				1. FC Kaiserslautern
																				MSV Duisburg
																				Arminia Bielefeld",441,49,7,0.11
,Artur Wichniarek,"Hertha BSC
																				Arminia Bielefeld",215,49,3,0.23
240,Ewerthon,"Borussia Dortmund
																				VfB Stuttgart",130,48,4,0.37
,Maurizio Gaudino,"Eintracht Frankfurt
																				VfB Stuttgart
																				VfL Bochum
																				Waldhof Mannheim",294,48,1,0.16
,Uwe Leifeld,"FC Schalke 04
																				VfL Bochum",179,48,3,0.27
,Harald Nickel,"Eintracht Braunschweig
																				Bor. Mönchengladbach",97,48,9,0.49
,Peter Reichert,"Karlsruher SC
																				VfB Stuttgart",175,48,0,0.27
,Rolf Rüssmann,"FC Schalke 04
																				Borussia Dortmund",453,48,3,0.11
,Andriy Voronin,"Hertha BSC
																				1. FC Köln
																				Bor. Mönchengladbach
																				Bayer Leverkusen",155,48,0,0.31
247,Hans-Peter Briegel,1. FC Kaiserslautern,240,47,9,0.20
,Rodolfo Cardoso,"Werder Bremen
																				Hamburger SV
																				SC Freiburg",220,47,14,0.21
,Norbert Eilenfeldt,"FC Schalke 04
																				1. FC Kaiserslautern
																				Arminia Bielefeld",212,47,2,0.22
,Paolo Guerrero *,"Hamburger SV
																				Bayern München",161,47,0,0.29
* Active player,NA,NA,NA,NA,NA,NA
251,Salomon Kalou *,Hertha BSC,145,47,9,0.32
,Wolfgang Kraus,"Eintracht Frankfurt
																				Bayern München",327,47,1,0.14
,Jörgen Pettersson,"1. FC Kaiserslautern
																				Bor. Mönchengladbach",181,47,0,0.26
,Wolfgang Rolff,"Karlsruher SC
																				Hamburger SV
																				Bayer Leverkusen",356,47,2,0.13
,Sejad Salihović,"Hamburger SV
																				1899 Hoffenheim",186,47,29,0.25
,Mohamed Zidan,"Werder Bremen
																				Borussia Dortmund
																				Hamburger SV
																				1. FSV Mainz 05",155,47,6,0.30
257,Walter Bechtold,"Eintracht Frankfurt
																				Kickers Offenbach
																				SV Darmstadt 98",131,46,8,0.35
,Theo Bücker,"FC Schalke 04
																				Borussia Dortmund
																				MSV Duisburg",235,46,1,0.20
,Falko Götz,"1. FC Köln
																				Bayer Leverkusen",242,46,0,0.19
,Dieter Herzog,"Fortuna Düsseldorf
																				Bayer Leverkusen",250,46,3,0.18
,Harald Kohr,"1. FC Kaiserslautern
																				SG Wattenscheid 09",97,46,3,0.47
,Vratislav Lokvenc,"1. FC Kaiserslautern
																				VfL Bochum",148,46,0,0.31
,Werner Lorant,"1. FC Saarbrücken
																				Eintracht Frankfurt
																				Rot-Weiss Essen",325,46,22,0.14
,Felix Magath,Hamburger SV,306,46,0,0.15
,Norbert Nachtweih,"Eintracht Frankfurt
																				Bayern München",325,46,0,0.14
,Naldo *,"Werder Bremen
																				FC Schalke 04
																				VfL Wolfsburg",358,46,1,0.13
,Winfried Schäfer,"Karlsruher SC
																				Bor. Mönchengladbach
																				Kickers Offenbach",403,46,0,0.11
,Wolfgang Solz,Eintracht Frankfurt,113,46,1,0.41
,Michael Spies,"Karlsruher SC
																				Hamburger SV
																				VfB Stuttgart
																				Bor. Mönchengladbach
																				Dynamo Dresden
																				Hansa Rostock
																				VfL Wolfsburg",219,46,3,0.21
270,Eric Maxim Choupo-Moting *,"FC Schalke 04
																				Hamburger SV
																				1. FC Nürnberg
																				1. FSV Mainz 05",204,45,7,0.22
,Norbert Dickel,"Borussia Dortmund
																				1. FC Köln",123,45,0,0.37
,Werner Dreßel,"Werder Bremen
																				Borussia Dortmund
																				Hamburger SV
																				1. FC Nürnberg",229,45,0,0.20
,Patrick Helmes,"1. FC Köln
																				Bayer Leverkusen
																				VfL Wolfsburg",98,45,4,0.46
,Ditmar Jakobs,"Hamburger SV
																				MSV Duisburg
																				Rot-Weiß Oberhausen
																				TeBe Berlin",493,45,0,0.09
,Wilfried Kohlars,TSV 1860 München,141,45,0,0.32
,Charly Körbel,Eintracht Frankfurt,602,45,12,0.07
,Marko Pantelić,Hertha BSC,114,45,1,0.39
,Bruno Pezzey,"Werder Bremen
																				Eintracht Frankfurt",255,45,0,0.18
,Adrián Ramos *,"Hertha BSC
																				Borussia Dortmund",144,45,3,0.31
,Bastian Schweinsteiger *,Bayern München,342,45,1,0.13
,Rafael van der Vaart,Hamburger SV,152,45,15,0.30
282,Franz Beckenbauer,Bayern München,424,44,3,0.10
,Henning Jensen,Bor. Mönchengladbach,125,44,0,0.35
,Milivoje Novakovič,1. FC Köln,108,44,3,0.41
,Frank Schulz,"Eintracht Frankfurt
																				Bor. Mönchengladbach
																				VfL Bochum",213,44,1,0.21
,Wolfgang Sidka,"Werder Bremen
																				TSV 1860 München
																				Hertha BSC",333,44,4,0.13
,Wolfgang Vöge,"Borussia Dortmund
																				Bayer Leverkusen",223,44,0,0.20
,Sandro Wagner *,"Werder Bremen
																				Hertha BSC
																				Bayern München
																				SV Darmstadt 98
																				1899 Hoffenheim",180,44,5,0.24
,Horst Wild,"Karlsruher SC
																				MSV Duisburg",131,44,9,0.34
,Gerd Zimmermann,"Fortuna Düsseldorf
																				Fortuna Köln",203,44,6,0.22
291,Christian Gentner *,"VfB Stuttgart
																				VfL Wolfsburg",376,43,1,0.11
,Heinz-Dieter Hasebrink,"Werder Bremen
																				1. FC Kaiserslautern
																				Rot-Weiss Essen",199,43,2,0.22
,Werner Heck,"1. FC Saarbrücken
																				1. FC Nürnberg
																				Waldhof Mannheim",184,43,0,0.23
,Bernd Lehmann,MSV Duisburg,200,43,18,0.22
,Erich Maas,"1. FC Saarbrücken
																				Eintracht Braunschweig",208,43,0,0.21
,Arne-Larsen Økland,Bayer Leverkusen,101,43,0,0.43
,Mirko Votava,"Werder Bremen
																				Borussia Dortmund",546,43,0,0.08
298,Manfred Bender,"TSV 1860 München
																				Karlsruher SC
																				Bayern München",229,42,8,0.18
,Ludwig Bründl,"TSV 1860 München
																				1. FC Köln
																				Eintracht Braunschweig",150,42,5,0.28
,Karl-Heinz Bührer,Waldhof Mannheim,182,42,1,0.23
* Active player,NA,NA,NA,NA,NA,NA
301,Daniel Didavi *,"1. FC Nürnberg
																				VfB Stuttgart
																				VfL Wolfsburg",150,42,2,0.28
,Ralf Dusend,"1. FC Nürnberg
																				Fortuna Düsseldorf",309,42,0,0.14
,Wolfgang Gayer,"Hertha BSC
																				Borussia Neunkirchen",132,42,6,0.32
,Hugo Almeida *,"Werder Bremen
																				Hannover 96",124,42,0,0.34
,Thomas Kempe,"VfB Stuttgart
																				MSV Duisburg
																				VfL Bochum",391,42,1,0.11
,Marek Leśniak,"TSV 1860 München
																				KFC Uerdingen 05
																				Bayer Leverkusen
																				SG Wattenscheid 09",213,42,0,0.20
,Roy Präger,"Hamburger SV
																				VfL Wolfsburg",173,42,0,0.24
,Rainer Schütterle,"Karlsruher SC
																				VfB Stuttgart
																				MSV Duisburg",236,42,1,0.18
,Jiří Štajner,Hannover 96,229,42,2,0.18
,Gerd Zewe,Fortuna Düsseldorf,440,42,4,0.10
311,Dietmar Erler,"Borussia Dortmund
																				Eintracht Braunschweig",264,41,0,0.16
,Wolfgang Funkel,"1. FC Kaiserslautern
																				KFC Uerdingen 05",305,41,13,0.13
,Peter Geyer,"Borussia Dortmund
																				Eintracht Braunschweig
																				TeBe Berlin",256,41,0,0.16
,Emanuel Günther,"Karlsruher SC
																				Fortuna Düsseldorf",139,41,1,0.29
,Thomas Helmer,"Hertha BSC
																				Borussia Dortmund
																				Bayern München",390,41,0,0.11
,Erhard Hofeditz,"TSV 1860 München
																				Karlsruher SC
																				1. FC Kaiserslautern
																				Kickers Offenbach",163,41,1,0.25
,Shinji Kagawa *,Borussia Dortmund,148,41,0,0.28
,Thomas Kastenmaier,"Bor. Mönchengladbach
																				Bayern München",191,41,10,0.21
,Nicolai Müller *,"Eintracht Frankfurt
																				Hamburger SV
																				Hannover 96
																				1. FSV Mainz 05",184,41,0,0.22
,Simon Rolfes,Bayer Leverkusen,288,41,5,0.14
,Matthias Sammer,"Borussia Dortmund
																				VfB Stuttgart",178,41,0,0.23
,Heung-min Son *,"Hamburger SV
																				Bayer Leverkusen",135,41,0,0.30
,Andreas Thom,"Hertha BSC
																				Bayer Leverkusen",212,41,0,0.19
324,Thorsten Fink,"Karlsruher SC
																				Bayern München
																				SG Wattenscheid 09",367,40,1,0.11
,Alfred Heiß,TSV 1860 München,169,40,2,0.24
,Patrick Herrmann *,Bor. Mönchengladbach,244,40,0,0.16
,Kurt Niedermayer,"Karlsruher SC
																				VfB Stuttgart
																				Bayern München",232,40,0,0.17
,Kurt Pinkall,"Bor. Mönchengladbach
																				VfL Bochum",121,40,0,0.33
,Markus Rosenberg *,Werder Bremen,123,40,0,0.33
,Per Røntved,Werder Bremen,194,40,0,0.21
,Hans Schulz,"Werder Bremen
																				Hamburger SV
																				Fortuna Düsseldorf",214,40,0,0.19
,Markus Schupp,"Eintracht Frankfurt
																				1. FC Kaiserslautern
																				Bayern München
																				SG Wattenscheid 09",351,40,6,0.11
,Didier Ya Konan,Hannover 96,132,40,2,0.30
,Gerhard Zebrowski,Werder Bremen,145,40,0,0.28
335,Karsten Bäron,Hamburger SV,124,39,0,0.31
,Lucas Barrios *,Borussia Dortmund,83,39,0,0.47
,Hannes Bongartz,"FC Schalke 04
																				1. FC Kaiserslautern",298,39,1,0.13
,Stefan Engels,1. FC Köln,236,39,6,0.17
,Jefferson Farfán *,FC Schalke 04,170,39,8,0.23
,Szabolcs Huszti *,"Eintracht Frankfurt
																				Hannover 96",162,39,13,0.24
,Gerhard Kentschke,"Karlsruher SC
																				1. FC Kaiserslautern
																				MSV Duisburg",222,39,0,0.18
,Dieter Krafczyk,"1. FC Saarbrücken
																				Eintracht Frankfurt
																				Hertha BSC
																				1. FC Kaiserslautern
																				Eintracht Braunschweig",135,39,0,0.29
,Flemming Povlsen,"Borussia Dortmund
																				1. FC Köln",187,39,0,0.21
,Günter Pröpper,Wuppertaler SV,87,39,2,0.45
,Bernd Schneider,"Eintracht Frankfurt
																				Bayer Leverkusen",296,39,2,0.13
,Ásgeir Sigurvinsson,"VfB Stuttgart
																				Bayern München",211,39,9,0.18
,Arno Steffenhagen,"Hertha BSC
																				Hamburger SV",183,39,0,0.21
,Karlheinz Vogt,1. FC Kaiserslautern,96,39,3,0.41
,Tony Woodcock,1. FC Köln,131,39,0,0.30
,Dariusz Wosz,"Hertha BSC
																				VfL Bochum",324,39,0,0.12
* Active player,NA,NA,NA,NA,NA,NA
351,Werner Balte,VfL Bochum,170,38,13,0.22
,Horst Bertl,"Hamburger SV
																				Hannover 96",174,38,0,0.22
,Daniel Caligiuri *,"FC Schalke 04
																				SC Freiburg
																				VfL Wolfsburg",269,38,13,0.14
,Bernd Dürnberger,Bayern München,375,38,1,0.10
,Buffy Ettmayer,"Hamburger SV
																				VfB Stuttgart",124,38,1,0.31
,Jürgen Friedrich,"Eintracht Frankfurt
																				1. FC Kaiserslautern",236,38,1,0.16
,Vahid Hashemian,"Hannover 96
																				VfL Bochum",208,38,0,0.18
,Horst Heese,"Eintracht Frankfurt
																				Hamburger SV",149,38,0,0.26
,Christian Kulik,Bor. Mönchengladbach,220,38,0,0.17
,Klaus Matischak,"Werder Bremen
																				FC Schalke 04",64,38,0,0.59
,Erik Meijer,"Hamburger SV
																				KFC Uerdingen 05
																				Bayer Leverkusen",174,38,3,0.22
,Caspar Memering,"FC Schalke 04
																				Hamburger SV",320,38,0,0.12
,Peter Nogly,Hamburger SV,320,38,2,0.12
,Roberto Firmino *,1899 Hoffenheim,140,38,3,0.27
,Walter Rodekamp,Hannover 96,123,38,0,0.31
,Klaus Scheer,FC Schalke 04,206,38,4,0.18
,Luca Toni,Bayern München,60,38,0,0.63
,Nelson Valdez *,"Werder Bremen
																				Eintracht Frankfurt
																				Borussia Dortmund",203,38,1,0.19
,Zé Roberto,"Hamburger SV
																				Bayern München
																				Bayer Leverkusen",336,38,1,0.11
370,Papiss Demba Cissé *,SC Freiburg,65,37,5,0.57
,Heinz-Werner Eggeling,"Borussia Dortmund
																				Eintracht Braunschweig
																				VfL Bochum
																				KFC Uerdingen 05",217,37,0,0.17
,Ralf Falkenmayer,"Eintracht Frankfurt
																				Bayer Leverkusen",385,37,8,0.10
,Michael Frontzeck,"VfB Stuttgart
																				Bor. Mönchengladbach
																				VfL Bochum
																				SC Freiburg",436,37,3,0.08
,André Golke,"1. FC Nürnberg
																				VfB Stuttgart
																				FC St. Pauli",194,37,0,0.19
,Ata Lameck,VfL Bochum,518,37,12,0.07
,Silvio Meißner,"VfB Stuttgart
																				Arminia Bielefeld",250,37,3,0.15
,Shinji Okazaki *,"VfB Stuttgart
																				1. FSV Mainz 05",128,37,0,0.29
,Frank Pagelsdorf,"Borussia Dortmund
																				Arminia Bielefeld",236,37,11,0.16
,Karlheinz Pflipsen,Bor. Mönchengladbach,197,37,0,0.19
,Martin Wagner,"1. FC Nürnberg
																				1. FC Kaiserslautern",271,37,3,0.14
,Christian Ziege,Bayern München,198,37,0,0.19
382,Bas Dost *,VfL Wolfsburg,85,36,1,0.42
,Jürgen Glowacz,"Werder Bremen
																				1. FC Köln
																				Bayer Leverkusen",253,36,6,0.14
,Horst Heldt,"TSV 1860 München
																				Eintracht Frankfurt
																				1. FC Köln
																				VfB Stuttgart",359,36,12,0.10
,Demir Hotić,"1. FC Kaiserslautern
																				VfB Stuttgart
																				Stuttgarter Kickers",134,36,0,0.27
,Jupp Kapellmann,"1. FC Köln
																				Bayern München
																				Alemannia Aachen",338,36,4,0.11
,Lothar Kobluhn,Rot-Weiß Oberhausen,107,36,9,0.34
,Yunus Mallı *,"VfL Wolfsburg
																				1. FSV Mainz 05",196,36,5,0.18
,Zvjezdan Misimović,"1. FC Nürnberg
																				VfL Bochum
																				VfL Wolfsburg",157,36,7,0.23
,Herbert Neumann,1. FC Köln,194,36,0,0.19
,Hans Pflügler,Bayern München,277,36,0,0.13
,Klaus-Dieter Sieloff,"VfB Stuttgart
																				Bor. Mönchengladbach",264,36,13,0.14
393,Gregor Grillemeier,"MSV Duisburg
																				Hannover 96
																				Arminia Bielefeld",149,35,2,0.23
,Benno Möhlmann,"Werder Bremen
																				Hamburger SV",255,35,1,0.14
,Paulo Rink,"1. FC Nürnberg
																				Bayer Leverkusen
																				Energie Cottbus",120,35,2,0.29
,Bernardo Romeo,Hamburger SV,77,35,0,0.45
,Wolfgang Schüler,"1. FC Saarbrücken
																				Karlsruher SC
																				Borussia Dortmund
																				Blau-Weiß 90 Berlin
																				Stuttgarter Kickers",164,35,0,0.21
,Roland Stegmayer,"1. FC Saarbrücken
																				Hannover 96
																				Arminia Bielefeld",157,35,0,0.22
399,Jürgen Bandura,Hannover 96,298,34,0,0.11
,Manfred Bockenfeld,"Werder Bremen
																				Fortuna Düsseldorf
																				Waldhof Mannheim",336,34,0,0.10
* Active player,NA,NA,NA,NA,NA,NA
401,Thomas Christiansen,"Hannover 96
																				VfL Bochum",101,34,3,0.34
,Alexander Frei,Borussia Dortmund,74,34,8,0.46
,Ionel Ganea,VfB Stuttgart,107,34,2,0.32
,Karl-Heinz Granitza,Hertha BSC,73,34,2,0.47
,Josef Hickersberger,"Fortuna Düsseldorf
																				Kickers Offenbach",177,34,3,0.19
,Sergey Kiryakov,"Karlsruher SC
																				Hamburger SV",174,34,1,0.20
,Pierre-Michel Lasogga *,"Hertha BSC
																				Hamburger SV",128,34,2,0.27
,Reinhold Mathy,"Bayern München
																				KFC Uerdingen 05",178,34,0,0.19
,Giuseppe Reina,"Hertha BSC
																				Borussia Dortmund
																				Arminia Bielefeld",171,34,0,0.20
,Uwe Spies,"MSV Duisburg
																				SC Freiburg",166,34,0,0.20
,Peter Wynhoff,Bor. Mönchengladbach,240,34,0,0.14
412,Julian Brandt *,Bayer Leverkusen,164,33,0,0.20
,Dieter Brei,"Fortuna Düsseldorf
																				Arminia Bielefeld",263,33,11,0.13
,Gonzalo Castro *,"Borussia Dortmund
																				VfB Stuttgart
																				Bayer Leverkusen",382,33,1,0.09
,André Hahn *,"Hamburger SV
																				Bor. Mönchengladbach
																				FC Augsburg",166,33,1,0.20
,Reiner Hollmann,"Eintracht Braunschweig
																				Rot-Weiß Oberhausen",351,33,6,0.09
,Heinz Hornig,1. FC Köln,176,33,0,0.19
,Benjamin Lauth,"TSV 1860 München
																				Hamburger SV
																				VfB Stuttgart",140,33,3,0.24
,Marcus Marin,"1. FC Kaiserslautern
																				MSV Duisburg
																				Stuttgarter Kickers",118,33,7,0.28
,Émile Mpenza,"FC Schalke 04
																				Hamburger SV",115,33,0,0.29
,Youri Mulder,FC Schalke 04,177,33,1,0.19
,Manfred Ritschel,"Borussia Dortmund
																				1. FC Kaiserslautern
																				Kickers Offenbach",231,33,17,0.14
,Thomas Strunz,"VfB Stuttgart
																				Bayern München",235,33,3,0.14
424,Klaus Ackermann,"Borussia Dortmund
																				1. FC Kaiserslautern
																				Bor. Mönchengladbach",260,32,0,0.12
,Victor Agali,"FC Schalke 04
																				Hansa Rostock",143,32,0,0.22
,Yıldıray Baştürk,"Hertha BSC
																				VfB Stuttgart
																				VfL Bochum
																				Bayer Leverkusen",249,32,0,0.13
,Markus Beierle,"TSV 1860 München
																				Eintracht Frankfurt
																				MSV Duisburg
																				Hansa Rostock",123,32,0,0.26
,Jörg Böhme,"TSV 1860 München
																				Eintracht Frankfurt
																				FC Schalke 04
																				Bor. Mönchengladbach
																				Arminia Bielefeld",233,32,11,0.14
,Tim Borowski,"Werder Bremen
																				Bayern München",236,32,0,0.14
,Alfreð Finnbogason *,FC Augsburg,67,32,8,0.48
,Waldemar Gerhardt,"FC Schalke 04
																				Fortuna Düsseldorf",82,32,0,0.39
,Horst Haug,VfB Stuttgart,135,32,4,0.24
,Idriz Hošić,"1. FC Kaiserslautern
																				MSV Duisburg",85,32,0,0.38
,Aleksandr Iashvili,"Karlsruher SC
																				SC Freiburg",198,32,0,0.16
,Kevin Keegan,Hamburger SV,90,32,0,0.36
,Levan Kobiashvili,"FC Schalke 04
																				Hertha BSC
																				SC Freiburg",351,32,10,0.09
,Lincoln,"FC Schalke 04
																				1. FC Kaiserslautern",136,32,3,0.24
,Tomislav Marić,"Bor. Mönchengladbach
																				VfL Wolfsburg",96,32,5,0.33
,Marek Mintál,1. FC Nürnberg,121,32,4,0.26
,Andreas Müller,"FC Schalke 04
																				VfB Stuttgart
																				Hannover 96",338,32,0,0.09
,Willy Reitgaßl,1. FC Kaiserslautern,129,32,4,0.25
,Jürgen Schütz,"TSV 1860 München
																				Borussia Dortmund",93,32,4,0.34
,Detlev Szymanek,"FC Schalke 04
																				Hertha BSC
																				1. FC Nürnberg
																				Fortuna Düsseldorf",111,32,1,0.29
,Heinz van Haaren,"FC Schalke 04
																				MSV Duisburg",249,32,2,0.13
,Berti Vogts,Bor. Mönchengladbach,419,32,0,0.08
,Manfred Weidmann,VfB Stuttgart,234,32,0,0.14
447,Daniel Borimirov,TSV 1860 München,214,31,0,0.14
,Josip Drmić *,"Hamburger SV
																				1. FC Nürnberg
																				Bor. Mönchengladbach
																				Bayer Leverkusen",106,31,2,0.29
,Otto Geisert,"Karlsruher SC
																				1. FC Kaiserslautern",198,31,2,0.16
,Klaus Gerwien,Eintracht Braunschweig,237,31,0,0.13
* Active player,NA,NA,NA,NA,NA,NA
451,Serge Gnabry *,"Werder Bremen
																				Bayern München
																				1899 Hoffenheim",78,31,1,0.40
,Thorgan Hazard *,Bor. Mönchengladbach,146,31,8,0.21
,Manfred Kastl,"Hamburger SV
																				VfB Stuttgart
																				Bayer Leverkusen",122,31,0,0.25
,Adrian Knup,"Karlsruher SC
																				VfB Stuttgart",92,31,0,0.34
,Niko Kovač,"Hertha BSC
																				Hamburger SV
																				Bayern München
																				Bayer Leverkusen",241,31,2,0.13
,Peter Lux,"Hamburger SV
																				Eintracht Braunschweig
																				Waldhof Mannheim",227,31,5,0.14
,Werner Melzer,1. FC Kaiserslautern,374,31,0,0.08
,Johan Micoud,Werder Bremen,123,31,0,0.25
,Marcel Răducanu,Borussia Dortmund,163,31,6,0.19
,Thomas Remark,"Hertha BSC
																				Waldhof Mannheim",121,31,2,0.26
,Roque Santa Cruz *,Bayern München,155,31,0,0.20
,Edgar Schmitt,"Eintracht Frankfurt
																				Karlsruher SC",102,31,1,0.30
,Karl-Heinz Struth,"Karlsruher SC
																				1. FC Köln
																				Fortuna Köln",113,31,12,0.27
,Mark Uth *,"FC Schalke 04
																				1899 Hoffenheim",98,31,0,0.32
,Andreas Zeyer,"Hamburger SV
																				VfL Bochum
																				SC Freiburg",276,31,1,0.11
466,Mohammed Abdellaoue,"VfB Stuttgart
																				Hannover 96",92,30,5,0.33
,Paul Agostino,TSV 1860 München,121,30,0,0.25
,Karim Bellarabi *,"Eintracht Braunschweig
																				Bayer Leverkusen",169,30,0,0.18
,Klaus Budde,Fortuna Düsseldorf,117,30,0,0.26
,Michael Eggert,"1. FC Nürnberg
																				VfL Bochum",233,30,0,0.13
,Uwe Freiler,"FC 08 Homburg
																				Waldhof Mannheim",128,30,0,0.23
,Franz Gerber,"TSV 1860 München
																				Wuppertaler SV
																				FC St. Pauli",93,30,1,0.32
,Stephan Groß,Karlsruher SC,113,30,3,0.27
,Lothar Huber,"Borussia Dortmund
																				1. FC Kaiserslautern",317,30,18,0.09
,Axel Kruse,"Eintracht Frankfurt
																				Hertha BSC
																				VfB Stuttgart",141,30,2,0.21
,Admir Mehmedi *,"Bayer Leverkusen
																				SC Freiburg
																				VfL Wolfsburg",152,30,1,0.20
,Wolfgang Patzke,"FC Schalke 04
																				VfL Bochum
																				Bayer Leverkusen",150,30,1,0.20
,Danilo Popivoda,Eintracht Braunschweig,126,30,0,0.24
,Jürgen Rische,"1. FC Kaiserslautern
																				1. FC Lok Leipzig
																				VfL Wolfsburg",157,30,0,0.19
,Josip Skoblar,Hannover 96,57,30,0,0.53
,Gerd Strack,1. FC Köln,261,30,0,0.11
,Eyjólfur Sverrisson,"Hertha BSC
																				VfB Stuttgart",251,30,0,0.12
,Lothar Woelk,"MSV Duisburg
																				VfL Bochum",420,30,7,0.07
,Dirk Zander,"FC St. Pauli
																				Dynamo Dresden",120,30,4,0.25
485,Jörg Albertz,"Hamburger SV
																				Fortuna Düsseldorf",150,29,3,0.19
,Tranquillo Barnetta *,"Eintracht Frankfurt
																				FC Schalke 04
																				Hannover 96
																				Bayer Leverkusen",260,29,0,0.11
,Steffen Baumgart,"Hansa Rostock
																				VfL Wolfsburg
																				Energie Cottbus",225,29,0,0.13
,Raúl Bobadilla *,"Bor. Mönchengladbach
																				FC Augsburg",166,29,0,0.17
,Gerhard Bold,"Karlsruher SC
																				1. FC Kaiserslautern",121,29,1,0.24
,Bernd Cullmann,1. FC Köln,341,29,0,0.09
,Harry Ellbracht,"1. FC Saarbrücken
																				TSV 1860 München
																				Arminia Bielefeld
																				VfL Bochum",113,29,0,0.26
,Paul Freier,"VfL Bochum
																				Bayer Leverkusen",249,29,3,0.12
,Michael Gregoritsch *,"Hamburger SV
																				FC Augsburg",118,29,2,0.25
,Marian Hristov,"1. FC Kaiserslautern
																				VfL Wolfsburg",163,29,0,0.18
,Alexander Madlung,"Eintracht Frankfurt
																				Hertha BSC
																				VfL Wolfsburg",285,29,0,0.10
,Mehdi Mahdavikia,"Hamburger SV
																				VfL Bochum",255,29,5,0.11
,Christian Nerlinger,"Borussia Dortmund
																				Bayern München",224,29,0,0.13
,René Rydlewicz,"TSV 1860 München
																				Arminia Bielefeld
																				Bayer Leverkusen
																				Hansa Rostock",278,29,8,0.10
,Wolfgang Schäfer,"KFC Uerdingen 05
																				FC 08 Homburg",103,29,1,0.28
,Arturo Vidal *,"Bayern München
																				Bayer Leverkusen",196,29,6,0.15
* Active player,NA,NA,NA,NA,NA,NA
501,Amoroso,Borussia Dortmund,59,28,9,0.47
,Fin Bartels *,"Werder Bremen
																				FC St. Pauli
																				Hansa Rostock",156,28,0,0.18
,Jakub Błaszczykowski *,"Borussia Dortmund
																				VfL Wolfsburg",235,28,4,0.12
,Ronny Borchers,"Eintracht Frankfurt
																				Arminia Bielefeld",213,28,1,0.13
,André Breitenreiter,"Hamburger SV
																				VfL Wolfsburg
																				SpVgg Unterhaching",144,28,2,0.19
,Guido Buchwald,VfB Stuttgart,334,28,0,0.08
,Hakan Çalhanoğlu *,"Hamburger SV
																				Bayer Leverkusen",111,28,3,0.25
,Willi Entenmann,VfB Stuttgart,237,28,0,0.12
,Wolfgang Grobe,"Eintracht Braunschweig
																				Bayern München",185,28,4,0.15
,Javier Hernández *,Bayer Leverkusen,54,28,1,0.52
,Jürgen Kalb,"Eintracht Frankfurt
																				SV Darmstadt 98",285,28,12,0.10
,Jürgen Kohler,"Borussia Dortmund
																				1. FC Köln
																				Bayern München
																				Waldhof Mannheim",398,28,0,0.07
,Ja-cheol Koo *,"1. FSV Mainz 05
																				FC Augsburg",211,28,3,0.13
,Michael Kutzop,"Werder Bremen
																				Kickers Offenbach",152,28,17,0.18
,Stan Libuda,"FC Schalke 04
																				Borussia Dortmund",264,28,0,0.11
,Herbert Lütkebohmert,FC Schalke 04,286,28,0,0.10
,Jürgen Moll,Eintracht Braunschweig,162,28,3,0.17
,Jupp Nehl,"VfL Bochum
																				Bayer Leverkusen",201,28,1,0.14
,Martin Petrov,VfL Wolfsburg,116,28,6,0.24
,Raúl,FC Schalke 04,66,28,0,0.42
,Dieter Schatzschneider,"FC Schalke 04
																				Hamburger SV
																				Hannover 96",96,28,0,0.29
,Jonathan Schmid *,"SC Freiburg
																				FC Augsburg
																				1899 Hoffenheim",218,28,0,0.13
,Stanislav Šesták,VfL Bochum,86,28,0,0.33
,Ralf Sturm,1. FC Köln,121,28,0,0.23
,Amand Theis,"Borussia Dortmund
																				Fortuna Düsseldorf
																				Kickers Offenbach",296,28,0,0.09
,Janusz Turowski,Eintracht Frankfurt,105,28,0,0.27
,Roger van Gool,1. FC Köln,96,28,0,0.29
528,Magnus Arvidsson,Hansa Rostock,155,27,0,0.17
,Olaf Bodden,"TSV 1860 München
																				Hansa Rostock",92,27,0,0.29
,Angelos Charisteas,"Werder Bremen
																				FC Schalke 04
																				1. FC Nürnberg
																				Bayer Leverkusen",126,27,0,0.21
,Dietmar Danner,Bor. Mönchengladbach,198,27,3,0.14
,Sven Demandt,"Fortuna Düsseldorf
																				Bayer Leverkusen",139,27,0,0.19
,Eren Derdiyok *,"Bayer Leverkusen
																				1899 Hoffenheim",127,27,0,0.21
,Sebastian Freis *,"Karlsruher SC
																				1. FC Köln
																				SC Freiburg",164,27,0,0.16
,Günther Herrmann,"FC Schalke 04
																				Karlsruher SC",134,27,3,0.20
,Mohamadou Idrissou *,"Hannover 96
																				Bor. Mönchengladbach
																				SC Freiburg",139,27,0,0.19
,Erdal Keser,Borussia Dortmund,106,27,0,0.25
,Werner Lotz,MSV Duisburg,145,27,0,0.19
,Peter Meyer,"Bor. Mönchengladbach
																				Fortuna Düsseldorf",44,27,0,0.61
,Ivan Perišić *,"Borussia Dortmund
																				VfL Wolfsburg",112,27,0,0.24
,Adel Sellimi,SC Freiburg,108,27,5,0.25
,Paul Steiner,"1. FC Köln
																				MSV Duisburg",349,27,0,0.08
,Horst Trimhold,"Eintracht Frankfurt
																				Borussia Dortmund",167,27,0,0.16
,Daniel Van Buyten,"Hamburger SV
																				Bayern München",219,27,0,0.12
,Arie van Lent,"Werder Bremen
																				Bor. Mönchengladbach",120,27,3,0.23
,Marc Wilmots,FC Schalke 04,138,27,3,0.20
,Christian Wörns,"Borussia Dortmund
																				Bayer Leverkusen",469,27,1,0.06
548,Sami Allagui *,"Hertha BSC
																				1. FSV Mainz 05",108,26,1,0.24
,Maurice Banach,"Borussia Dortmund
																				1. FC Köln",63,26,0,0.41
,Manfred Binz,Eintracht Frankfurt,349,26,1,0.07
* Active player,NA,NA,NA,NA,NA,NA
551,Holger Brück,Hertha BSC,261,26,8,0.10
,Delron Buckley,"Borussia Dortmund
																				Arminia Bielefeld
																				VfL Bochum",201,26,0,0.13
,Hans Jörg Butt,"Hamburger SV
																				Bayer Leverkusen",387,26,26,0.07
,Saša Ćirić,"Eintracht Frankfurt
																				1. FC Nürnberg",64,26,5,0.41
,Mame Diouf *,Hannover 96,57,26,0,0.46
,Matthias Herget,"VfL Bochum
																				KFC Uerdingen 05",237,26,0,0.11
,Lewis Holtby *,"FC Schalke 04
																				Hamburger SV
																				VfL Bochum
																				1. FSV Mainz 05",200,26,0,0.13
,Gustav Jung,"Karlsruher SC
																				Bayern München
																				Wuppertaler SV",133,26,0,0.20
,Karl-Heinz Kamp,Werder Bremen,361,26,0,0.07
,Ludwig Müller,"Hertha BSC
																				1. FC Nürnberg
																				Bor. Mönchengladbach",314,26,14,0.08
,Nando Rafael,"Hertha BSC
																				Bor. Mönchengladbach
																				Fortuna Düsseldorf
																				FC Augsburg",120,26,2,0.22
,Yasuhiko Okudera,"Werder Bremen
																				1. FC Köln",234,26,0,0.11
,Walter Oswald,"VfL Bochum
																				FC St. Pauli",387,26,0,0.07
,Sidney Sam *,"SV Darmstadt 98
																				Bayer Leverkusen",122,26,2,0.21
,Boubacar Sanogo,"Werder Bremen
																				Hamburger SV
																				1. FC Kaiserslautern
																				1899 Hoffenheim",100,26,2,0.26
,Julian Schieber *,"Hertha BSC
																				Borussia Dortmund
																				1. FC Nürnberg
																				VfB Stuttgart",164,26,0,0.16
,Davie Selke *,"Werder Bremen
																				Hertha BSC
																				RB Leipzig",111,26,1,0.23
,Franz-Josef Tenhagen,"VfL Bochum
																				Rot-Weiß Oberhausen",457,26,0,0.06
,Dieter Trunk,"1. FC Nürnberg
																				1. FC Kaiserslautern",119,26,0,0.22
,Róbert Vittek,1. FC Nürnberg,95,26,3,0.27
,Heiko Westermann,"FC Schalke 04
																				Hamburger SV
																				Arminia Bielefeld",318,26,0,0.08
572,Stefan Aigner *,Eintracht Frankfurt,126,25,0,0.20
,Alex Alves,Hertha BSC,81,25,0,0.31
,Juan Arango,Bor. Mönchengladbach,155,25,0,0.16
,Demba Ba *,1899 Hoffenheim,67,25,0,0.37
,Klaus Beverungen,"Eintracht Frankfurt
																				FC Schalke 04
																				FC St. Pauli",129,25,1,0.19
,Bordon,"FC Schalke 04
																				VfB Stuttgart",297,25,0,0.08
,Eberhard Carl,Karlsruher SC,177,25,0,0.14
,Markus Feldhoff,"Bor. Mönchengladbach
																				KFC Uerdingen 05
																				Bayer Leverkusen
																				VfL Wolfsburg",158,25,1,0.16
,Bernd Förster,"1. FC Saarbrücken
																				VfB Stuttgart",291,25,0,0.09
,Daniel Ginczek *,"1. FC Nürnberg
																				VfB Stuttgart
																				VfL Wolfsburg",88,25,2,0.28
,Jörg Heinrich,"Borussia Dortmund
																				SC Freiburg",205,25,0,0.12
,Helmut Hermann,Karlsruher SC,129,25,0,0.19
,Marcell Jansen *,"Hamburger SV
																				Bor. Mönchengladbach",242,25,0,0.10
,Kurt Jara,"FC Schalke 04
																				MSV Duisburg",191,25,0,0.13
,Luka Jović *,Eintracht Frankfurt,53,25,1,0.47
,Uwe Kliemann,"Eintracht Frankfurt
																				Hertha BSC
																				Rot-Weiß Oberhausen",292,25,0,0.09
,Franz Krauthausen,"1. FC Köln
																				Bayern München
																				Rot-Weiß Oberhausen",131,25,0,0.19
,Dirk Lottner,"1. FC Köln
																				Bayer Leverkusen",119,25,3,0.21
,Stephan Paßlack,"TSV 1860 München
																				1. FC Köln
																				Bor. Mönchengladbach
																				KFC Uerdingen 05",270,25,0,0.09
,Peter Peschel,VfL Bochum,154,25,0,0.16
,Stefan Reuter,"Borussia Dortmund
																				1. FC Nürnberg
																				Bayern München",502,25,8,0.05
,Jan Schlaudraff,"Hannover 96
																				Alemannia Aachen",186,25,2,0.13
,Ebi Smolarek,Borussia Dortmund,81,25,0,0.31
,Naohiro Takahara,"Eintracht Frankfurt
																				Hamburger SV",135,25,0,0.19
,Uwe Tschiskale,"FC Schalke 04
																				SG Wattenscheid 09",101,25,3,0.25
,Anthony Ujah *,"Werder Bremen
																				1. FC Köln
																				1. FSV Mainz 05",108,25,0,0.23
,Josef Weikl,Fortuna Düsseldorf,303,25,7,0.08
,Tasso Wild,"Hertha BSC
																				1. FC Nürnberg",167,25,0,0.15
600,Rolf Blau,"Hertha BSC
																				Hannover 96
																				VfL Bochum
																				FC St. Pauli",224,24,0,0.11
* Active player,NA,NA,NA,NA,NA,NA
601,Uwe Bracht,Werder Bremen,272,24,3,0.09
,Guido Burgstaller *,FC Schalke 04,73,24,0,0.33
,Christian Eigler,"1. FC Nürnberg
																				Arminia Bielefeld",135,24,0,0.18
,Karlheinz Geils,"Werder Bremen
																				1. FC Köln
																				Hannover 96
																				Arminia Bielefeld",405,24,0,0.06
,Gilbert Gress,VfB Stuttgart,149,24,0,0.16
,Heinz Gründel,"Eintracht Frankfurt
																				Hertha BSC
																				Hamburger SV",161,24,0,0.15
,Sebastian Kehl,"Borussia Dortmund
																				SC Freiburg",314,24,0,0.08
,Jacek Krzynówek,"1. FC Nürnberg
																				Hannover 96
																				Bayer Leverkusen
																				VfL Wolfsburg",178,24,3,0.13
,Ciprian Marica,"FC Schalke 04
																				VfB Stuttgart",127,24,1,0.19
,Yussuf Poulsen *,RB Leipzig,89,24,0,0.27
,Jan Rosenthal,"Eintracht Frankfurt
																				Hannover 96
																				SC Freiburg",200,24,0,0.12
,Marco Russ *,"Eintracht Frankfurt
																				VfL Wolfsburg",304,24,0,0.08
,Lothar Schämer,Eintracht Frankfurt,216,24,4,0.11
,Heinz Stickel,"1. FC Kaiserslautern
																				VfB Stuttgart",132,24,0,0.18
,Michael Tarnat,"Karlsruher SC
																				MSV Duisburg
																				Hannover 96
																				Bayern München",363,24,0,0.07
616,Maximilian Arnold *,VfL Wolfsburg,187,23,0,0.12
,Kevin De Bruyne *,"Werder Bremen
																				VfL Wolfsburg",85,23,0,0.27
,Julian Draxler *,"FC Schalke 04
																				VfL Wolfsburg",153,23,0,0.15
,Henri Fuchs,"1. FC Köln
																				Dynamo Dresden
																				Hansa Rostock",118,23,0,0.19
,Kevin Großkreutz *,Borussia Dortmund,186,23,0,0.12
,Sébastien Haller *,Eintracht Frankfurt,58,23,5,0.40
,Kai Havertz *,Bayer Leverkusen,87,23,3,0.26
,Dieter Höller,VfB Stuttgart,60,23,2,0.38
,Ludwig Kögl,"VfB Stuttgart
																				Bayern München
																				SpVgg Unterhaching",309,23,8,0.07
,Filip Kostić *,"Eintracht Frankfurt
																				Hamburger SV
																				VfB Stuttgart",153,23,1,0.15
,Peter Közle,"MSV Duisburg
																				VfL Bochum",91,23,2,0.25
,Toni Kroos *,"Bayern München
																				Bayer Leverkusen",173,23,0,0.13
,Bernd Lorenz,"Werder Bremen
																				Eintracht Frankfurt",81,23,1,0.28
,Jan Mattsson,"Fortuna Düsseldorf
																				KFC Uerdingen 05",62,23,0,0.37
,Franz Merkhoffer,Eintracht Braunschweig,419,23,0,0.05
,Henrikh Mkhitaryan *,Borussia Dortmund,90,23,0,0.26
,Carsten Nielsen,Bor. Mönchengladbach,109,23,0,0.21
,Thomas Parits,"Eintracht Frankfurt
																				1. FC Köln",103,23,0,0.22
,Hans Rebele,TSV 1860 München,115,23,0,0.20
,Manfred Rummel,"Preußen Münster
																				1. FC Kaiserslautern",65,23,0,0.35
,Gerd-Volker Schock,Arminia Bielefeld,57,23,2,0.40
,Michael Schröder,"Hamburger SV
																				VfB Stuttgart",190,23,0,0.12
,Christian Schulz *,"Werder Bremen
																				Hannover 96",358,23,0,0.06
,Ciriaco Sforza,"1. FC Kaiserslautern
																				Bayern München",265,23,0,0.09
,Lothar Sippel,"Eintracht Frankfurt
																				Borussia Dortmund",108,23,0,0.21
,Didier Six,VfB Stuttgart,59,23,1,0.39
,Pablo Thiam,"1. FC Köln
																				VfB Stuttgart
																				VfL Wolfsburg",311,23,0,0.07
,René Tretschok,"Hertha BSC
																				Borussia Dortmund
																				1. FC Köln",180,23,2,0.13
,Uwe Wassmer,SC Freiburg,93,23,0,0.25
,Tobias Werner,FC Augsburg,127,23,0,0.18
,Sergio Zárate,"Hamburger SV
																				1. FC Nürnberg",80,23,8,0.29
,Rainer Zobel,"Hannover 96
																				Bayern München",246,23,0,0.09
648,Thomas Berthold,"Eintracht Frankfurt
																				VfB Stuttgart
																				Bayern München",332,22,0,0.07
,Uli Bittcher,"FC Schalke 04
																				Borussia Dortmund",252,22,0,0.09
,Ivan Buljan,Hamburger SV,103,22,0,0.21
* Active player,NA,NA,NA,NA,NA,NA
651,Christoph Dabrowski,"Werder Bremen
																				Hannover 96
																				Arminia Bielefeld
																				VfL Bochum",273,22,0,0.08
,Franco Di Santo *,"Werder Bremen
																				FC Schalke 04",120,22,4,0.18
,Hans Dorfner,"1. FC Nürnberg
																				Bayern München",188,22,0,0.12
,Leon Goretzka *,"FC Schalke 04
																				Bayern München",145,22,1,0.15
,Matthias Hagner,"Eintracht Frankfurt
																				VfB Stuttgart
																				Bor. Mönchengladbach",102,22,0,0.22
,Mats Hummels *,"Borussia Dortmund
																				Bayern München",299,22,0,0.07
,Andreas Ivanschitz,1. FSV Mainz 05,104,22,7,0.21
,Joselu *,"Eintracht Frankfurt
																				Hannover 96
																				1899 Hoffenheim",79,22,1,0.28
,Helmut Kapitulski,1. FC Kaiserslautern,98,22,4,0.22
,Günther Kuntz,Borussia Neunkirchen,80,22,2,0.28
,Srđan Lakić,"Eintracht Frankfurt
																				1. FC Kaiserslautern
																				SC Paderborn 07",107,22,0,0.21
,Søren Lerby,Bayern München,89,22,2,0.25
,Lúcio,"Bayern München
																				Bayer Leverkusen",236,22,0,0.09
,Dorinel Munteanu,"1. FC Köln
																				VfL Wolfsburg",198,22,1,0.11
,Torbjörn Nilsson,1. FC Kaiserslautern,65,22,0,0.34
,Gerhard Poschner,"Borussia Dortmund
																				VfB Stuttgart",290,22,0,0.08
,Carsten Ramelow,Bayer Leverkusen,333,22,0,0.07
,Otto Rehhagel,"Hertha BSC
																				1. FC Kaiserslautern",201,22,11,0.11
,Artjoms Rudņevs,"Hamburger SV
																				1. FC Köln
																				Hannover 96",108,22,0,0.20
,Nuri Şahin *,"Werder Bremen
																				Borussia Dortmund",242,22,3,0.09
,Peter Szech,Bayer Leverkusen,91,22,0,0.24
,Michael Thurk,"Eintracht Frankfurt
																				1. FSV Mainz 05",81,22,3,0.27
,Bernd Windhausen,"Werder Bremen
																				1. FC Kaiserslautern",85,22,0,0.26
,Horst Wohlers,"TSV 1860 München
																				Bor. Mönchengladbach
																				Arminia Bielefeld",232,22,1,0.09
,Herbert Zimmermann,1. FC Köln,204,22,3,0.11
676,Benjamin Auer,"Bor. Mönchengladbach
																				VfL Bochum
																				1. FSV Mainz 05",87,21,0,0.24
,Dietmar Beiersdorfer,"Werder Bremen
																				Hamburger SV
																				1. FC Köln",254,21,0,0.08
,Hermann Bitz,"TSV 1860 München
																				1. FC Kaiserslautern
																				Kickers Offenbach",208,21,0,0.10
,Andrzej Buncol,"Fortuna Düsseldorf
																				Bayer Leverkusen
																				FC 08 Homburg",185,21,0,0.11
,Peter Cestonaro,SV Darmstadt 98,57,21,0,0.37
,Kalle Del'Haye,"Bor. Mönchengladbach
																				Bayern München",184,21,0,0.11
,Peter Dietrich,"Werder Bremen
																				Bor. Mönchengladbach
																				Rot-Weiss Essen",213,21,0,0.10
,Bernd Dörfel,"Hamburger SV
																				Eintracht Braunschweig",139,21,0,0.15
,Hans-Georg Dreßen,Bor. Mönchengladbach,147,21,1,0.14
,Armin Eck,"Hamburger SV
																				Bayern München",170,21,0,0.12
,Diethelm Ferner,"Werder Bremen
																				Rot-Weiss Essen",239,21,0,0.09
,França,Bayer Leverkusen,71,21,0,0.30
,Arno Glesius,Karlsruher SC,90,21,0,0.23
,Paul Holz,"FC Schalke 04
																				Hannover 96
																				VfL Bochum",201,21,2,0.10
,Zlatko Junuzović *,Werder Bremen,188,21,0,0.11
,Gerhard Kleppinger,"FC Schalke 04
																				Karlsruher SC
																				Borussia Dortmund
																				KFC Uerdingen 05
																				SV Darmstadt 98",287,21,2,0.07
,Harald Konopka,1. FC Köln,352,21,5,0.06
,Thomas Kroth,"Eintracht Frankfurt
																				Hamburger SV
																				1. FC Köln",256,21,0,0.08
,Bo Larsson,VfB Stuttgart,88,21,1,0.24
,Ulrik le Fevre,Bor. Mönchengladbach,90,21,0,0.23
,Reinhard Meier,1. FC Kaiserslautern,184,21,5,0.11
,Đorđe Pavlić,MSV Duisburg,173,21,3,0.12
,Franz Raschid,KFC Uerdingen 05,166,21,1,0.13
,Peter Schwarz,"1. FC Kaiserslautern
																				KFC Uerdingen 05",186,21,0,0.11
,Georg Schwarzenbeck,Bayern München,416,21,0,0.05
* Active player,NA,NA,NA,NA,NA,NA
701,Sérgio da Silva Pinto,"Hannover 96
																				Alemannia Aachen",212,21,1,0.10
,Ervin Skela *,"Eintracht Frankfurt
																				1. FC Kaiserslautern
																				Energie Cottbus",168,21,7,0.13
,Jens Todt,"Werder Bremen
																				VfB Stuttgart
																				SC Freiburg",209,21,0,0.10
,Piotr Trochowski,"Hamburger SV
																				Bayern München",199,21,3,0.11
,İlyas Tüfekçi,"FC Schalke 04
																				VfB Stuttgart",59,21,0,0.36
,Paul Verhaegh *,"VfL Wolfsburg
																				FC Augsburg",189,21,18,0.11
,Wolfgang Weber,1. FC Köln,356,21,0,0.06
,Horst Weyerich,1. FC Nürnberg,132,21,13,0.16
,Holger Willmer,"1. FC Köln
																				Hannover 96
																				Bayern München",267,21,0,0.08
710,David Alaba *,"Bayern München
																				1899 Hoffenheim",237,20,3,0.08
,Hanno Balitsch,"1. FC Nürnberg
																				Hannover 96
																				Bayer Leverkusen",343,20,0,0.06
,Lars Bastrup,"Hamburger SV
																				Kickers Offenbach",77,20,0,0.26
,Arnold Bruggink,Hannover 96,111,20,0,0.18
,Mike Büskens,"FC Schalke 04
																				MSV Duisburg
																				Fortuna Düsseldorf",370,20,0,0.05
,Hugo Dausmann,"Werder Bremen
																				Rot-Weiß Oberhausen",51,20,0,0.39
,Harry Decheiver,"Borussia Dortmund
																				SC Freiburg",49,20,2,0.41
,Ludwig Denz,"1. FC Saarbrücken
																				TSV 1860 München
																				Hannover 96
																				Rot-Weiß Oberhausen",162,20,0,0.12
,Tom Dooley,"FC Schalke 04
																				1. FC Kaiserslautern
																				Bayer Leverkusen
																				FC 08 Homburg",199,20,0,0.10
,Kurt Eigl,"Hamburger SV
																				SV Darmstadt 98
																				Bayer Leverkusen",138,20,0,0.14
,Andreas Fischer,"Hamburger SV
																				Bayer Leverkusen",303,20,0,0.07
,Franco Foda,"1. FC Saarbrücken
																				1. FC Kaiserslautern
																				Arminia Bielefeld
																				Bayer Leverkusen",321,20,5,0.06
,Günter Fürhoff,Rot-Weiss Essen,152,20,0,0.13
,Hans-Werner Hartl,"Borussia Dortmund
																				VfL Bochum",68,20,0,0.29
,Thomas Hitzlsperger,VfB Stuttgart,131,20,0,0.15
,Udo Horsmann,Bayern München,242,20,0,0.08
,Hans-Peter Lehnhoff,"1. FC Köln
																				Bayer Leverkusen",237,20,0,0.08
,Krisztián Lisztes,"Werder Bremen
																				VfB Stuttgart",206,20,1,0.10
,Peter Loontiens,"Bor. Mönchengladbach
																				KFC Uerdingen 05",73,20,0,0.27
,Kudi Müller,Hertha BSC,77,20,1,0.26
,Yoshinori Mutō *,1. FSV Mainz 05,66,20,0,0.30
,Jan Olsson,VfB Stuttgart,64,20,0,0.31
,Maximilian Philipp *,"Borussia Dortmund
																				SC Freiburg",88,20,0,0.23
,Tomáš Rosický,Borussia Dortmund,149,20,3,0.13
,Hans Schäfer,1. FC Köln,39,20,0,0.51
,Norbert Stolzenburg,"MSV Duisburg
																				Eintracht Braunschweig
																				TeBe Berlin",64,20,2,0.31
736,Ishak Belfodil *,"Werder Bremen
																				1899 Hoffenheim",53,19,0,0.36
,Lars Bender *,Bayer Leverkusen,223,19,0,0.09
,Daniel Bierofka,"TSV 1860 München
																				Bayer Leverkusen",146,19,0,0.13
,Uli Borowka,"Werder Bremen
																				Bor. Mönchengladbach",388,19,0,0.05
,Ali Daei,"Hertha BSC
																				Bayern München
																				Arminia Bielefeld",107,19,0,0.18
,Ashkan Dejagah *,"Hertha BSC
																				VfL Wolfsburg",158,19,0,0.12
,Frank Fahrenhorst,"Werder Bremen
																				Hannover 96
																				VfL Bochum",216,19,0,0.09
,Rolf Geiger,VfB Stuttgart,70,19,0,0.27
,Roland Grahammer,"1. FC Nürnberg
																				Bayern München",221,19,9,0.09
,Frank Greiner,"1. FC Köln
																				VfL Wolfsburg",330,19,0,0.06
,Wolfgang Grzyb,Eintracht Braunschweig,305,19,1,0.06
,Hasse Holmqvist,Fortuna Düsseldorf,59,19,1,0.32
,Bruno Hübner,1. FC Kaiserslautern,76,19,0,0.25
,Sascha Jusufi,"1. FC Saarbrücken
																				Hamburger SV
																				KFC Uerdingen 05",167,19,0,0.11
,Andreas Keim,"Karlsruher SC
																				Fortuna Düsseldorf
																				FC 08 Homburg
																				Stuttgarter Kickers",166,19,0,0.11
* Active player,NA,NA,NA,NA,NA,NA
751,Heinz Knüwe,VfL Bochum,210,19,0,0.09
,Bodo Mattern,"Eintracht Frankfurt
																				SV Darmstadt 98
																				Blau-Weiß 90 Berlin",57,19,4,0.33
,Per Mertesacker,"Werder Bremen
																				Hannover 96",221,19,0,0.09
,Gerhard Neuser,FC Schalke 04,143,19,0,0.13
,Robson Ponte,"Bayer Leverkusen
																				VfL Wolfsburg",140,19,0,0.14
,Gerd Roggensack,"1. FC Kaiserslautern
																				Arminia Bielefeld",77,19,0,0.25
,Matthias Scherz,"1. FC Köln
																				FC St. Pauli",147,19,0,0.13
,Sven Schipplock *,"VfB Stuttgart
																				SV Darmstadt 98
																				1899 Hoffenheim",149,19,0,0.13
,Aki Schmidt,Borussia Dortmund,81,19,0,0.23
,Thomas Sobotzik,"Eintracht Frankfurt
																				FC St. Pauli",134,19,2,0.14
,Jürgen Weber,"Werder Bremen
																				Hertha BSC
																				Borussia Dortmund
																				Hannover 96",137,19,2,0.14
,Ralf Weber,Eintracht Frankfurt,182,19,0,0.10
,Roland Weidle,"Eintracht Frankfurt
																				VfB Stuttgart",255,19,0,0.07
764,Leonardo Bittencourt *,"Borussia Dortmund
																				1. FC Köln
																				Hannover 96
																				1899 Hoffenheim",150,18,0,0.12
,Günter Breitzke,Borussia Dortmund,89,18,0,0.20
,Thomas Brunner,1. FC Nürnberg,328,18,5,0.05
,Hans Cieslarczyk,Karlsruher SC,66,18,3,0.27
,Soumaila Coulibaly,SC Freiburg,117,18,2,0.15
,Sebastian Deisler,"Hertha BSC
																				Bor. Mönchengladbach
																				Bayern München",135,18,2,0.13
,Dietmar Demuth,"FC St. Pauli
																				Bayer Leverkusen",141,18,11,0.13
,Ernst Diehl,1. FC Kaiserslautern,314,18,6,0.06
,Martin Driller,"Borussia Dortmund
																				1. FC Nürnberg
																				FC St. Pauli",138,18,0,0.13
,Uwe Fuchs,"1. FC Köln
																				1. FC Kaiserslautern
																				Fortuna Düsseldorf
																				Arminia Bielefeld",90,18,1,0.20
,Niclas Füllkrug *,"Werder Bremen
																				Hannover 96",71,18,4,0.25
,Theodor Gebre Selassie *,Werder Bremen,209,18,0,0.09
,Hartmut Heidemann,MSV Duisburg,262,18,1,0.07
,Ivo Iličević *,"Hamburger SV
																				1. FC Kaiserslautern
																				VfL Bochum",136,18,1,0.13
,Jürgen Jendrossek,"1. FC Köln
																				Arminia Bielefeld",82,18,0,0.22
,Fabian Johnson *,"Bor. Mönchengladbach
																				VfL Wolfsburg
																				1899 Hoffenheim",202,18,0,0.09
,Gojko Kačar,"Hertha BSC
																				Hamburger SV
																				FC Augsburg",171,18,0,0.11
,Michael Klinkert,"FC Schalke 04
																				Bor. Mönchengladbach",301,18,0,0.06
,Rainer Krieg,"Karlsruher SC
																				KFC Uerdingen 05",88,18,0,0.20
,Florian Kringe,"Borussia Dortmund
																				1. FC Köln",192,18,0,0.09
,Mladen Krstajić,"Werder Bremen
																				FC Schalke 04",243,18,0,0.07
,Dieter Lieberwirth,1. FC Nürnberg,139,18,0,0.13
,Oskar Lotz,Eintracht Frankfurt,97,18,0,0.19
,Peter Madsen,VfL Bochum,63,18,3,0.29
,Elmar May,Borussia Neunkirchen,54,18,3,0.33
,Kai Michalke,"Hertha BSC
																				1. FC Nürnberg
																				VfL Bochum",158,18,0,0.11
,Sascha Mölders *,FC Augsburg,103,18,0,0.17
,Uwe Müller,Eintracht Frankfurt,131,18,0,0.14
,Jörg Neun,"1. FC Nürnberg
																				MSV Duisburg
																				Bor. Mönchengladbach
																				Waldhof Mannheim",358,18,2,0.05
,Jay Jay Okocha,Eintracht Frankfurt,90,18,1,0.20
,Yuya Osako *,"Werder Bremen
																				1. FC Köln",128,18,0,0.14
,Paco Alcácer *,Borussia Dortmund,25,18,1,0.72
,Łukasz Piszczek *,"Hertha BSC
																				Borussia Dortmund",291,18,0,0.06
,Sergiu Radu,"1. FC Köln
																				VfL Wolfsburg
																				Energie Cottbus",69,18,0,0.26
,Christian Sackewitz,"Arminia Bielefeld
																				KFC Uerdingen 05
																				Bayer Leverkusen",134,18,2,0.13
,Ivan Saenko,1. FC Nürnberg,83,18,0,0.22
,Werner Schneider,"Hertha BSC
																				Borussia Dortmund
																				MSV Duisburg",306,18,3,0.06
* Active player,NA,NA,NA,NA,NA,NA
801,Bernd Schuster,"1. FC Köln
																				Bayer Leverkusen",120,18,3,0.15
,Peter Sendscheid,FC Schalke 04,80,18,0,0.23
,Daniel Simmes,"Karlsruher SC
																				Borussia Dortmund",166,18,0,0.11
,Artur Sobiech *,Hannover 96,98,18,0,0.18
,Christian Springer,"1. FC Köln
																				FC St. Pauli",163,18,0,0.11
,Tomasz Wałdoch,"FC Schalke 04
																				VfL Bochum",249,18,0,0.07
,Markus Weissenberger,"TSV 1860 München
																				Eintracht Frankfurt
																				Arminia Bielefeld",152,18,0,0.12
,Klaus Winkler,"Hamburger SV
																				Kickers Offenbach",165,18,2,0.11
,Christian Wück,"Karlsruher SC
																				1. FC Nürnberg",167,18,0,0.11
810,Leon Andreasen,"Werder Bremen
																				Hannover 96
																				1. FSV Mainz 05",133,17,2,0.13
,Zlatan Bajramović,"FC Schalke 04
																				FC St. Pauli
																				SC Freiburg",145,17,0,0.12
,John Danielsen,Werder Bremen,131,17,0,0.13
,Pál Dárdai,Hertha BSC,286,17,0,0.06
,Jaro Deppe,Eintracht Braunschweig,57,17,0,0.30
,Antonio di Salvo,Hansa Rostock,100,17,0,0.17
,Momo Diabang,"Arminia Bielefeld
																				VfL Bochum",69,17,0,0.25
,Karlheinz Förster,VfB Stuttgart,272,17,0,0.06
,Lárus Guðmundsson,KFC Uerdingen 05,69,17,0,0.25
,Tamás Hajnal,"Karlsruher SC
																				Borussia Dortmund
																				VfB Stuttgart",149,17,0,0.11
,Jürgen Hartmann,"Hamburger SV
																				VfB Stuttgart",363,17,0,0.05
,Roberto Hilbert *,"VfB Stuttgart
																				Bayer Leverkusen",178,17,0,0.10
,Olaf Janßen,"Eintracht Frankfurt
																				1. FC Köln",241,17,1,0.07
,David Jarolím,"Hamburger SV
																				1. FC Nürnberg",318,17,0,0.05
,Gerd Kasperski,"FC Schalke 04
																				Hannover 96
																				Arminia Bielefeld",71,17,0,0.24
,Hiroshi Kiyotake *,"1. FC Nürnberg
																				Hannover 96",117,17,2,0.15
,Harry Koch,1. FC Kaiserslautern,187,17,8,0.09
,Hans-Jürgen Köper,VfL Bochum,144,17,0,0.12
,Manfred Kreuz,FC Schalke 04,83,17,3,0.20
,Markus Kurth,"1. FC Nürnberg
																				1. FC Köln
																				MSV Duisburg",110,17,0,0.15
,Zdravko Kuzmanović *,VfB Stuttgart,96,17,8,0.18
,Brian Laudrup,"Bayern München
																				KFC Uerdingen 05",87,17,0,0.20
,Max Lorenz,"Werder Bremen
																				Eintracht Braunschweig",247,17,1,0.07
,Cédric Makiadi,"Werder Bremen
																				SC Freiburg
																				VfL Wolfsburg",225,17,0,0.08
,Joel Matip *,FC Schalke 04,194,17,0,0.09
,Max Meyer *,FC Schalke 04,146,17,0,0.12
,Nando,Hamburger SV,65,17,0,0.26
,Florian Niederlechner *,SC Freiburg,80,17,3,0.21
,Alfred Nijhuis,"Borussia Dortmund
																				MSV Duisburg",182,17,0,0.09
,Piotr Nowak,"TSV 1860 München
																				Dynamo Dresden",116,17,0,0.15
,Chinedu Obasi *,"FC Schalke 04
																				1899 Hoffenheim",100,17,0,0.17
,Ante Rebić *,Eintracht Frankfurt,76,17,0,0.22
,Stefan Reisinger,"Fortuna Düsseldorf
																				SC Freiburg",96,17,0,0.18
,Axel Roos,1. FC Kaiserslautern,303,17,0,0.06
,Hans Sturm,1. FC Köln,113,17,4,0.15
,Václav Svěrkoš,Bor. Mönchengladbach,86,17,3,0.20
,Imre Szabics,"1. FC Köln
																				VfB Stuttgart
																				1. FSV Mainz 05",80,17,0,0.21
,Manfred Tripbacher,Eintracht Braunschweig,161,17,0,0.11
848,Ivica Banović *,"Werder Bremen
																				1. FC Nürnberg
																				SC Freiburg",149,16,4,0.11
,Frank Baumann,"Werder Bremen
																				1. FC Nürnberg",290,16,0,0.06
,Kevin-Prince Boateng *,"Eintracht Frankfurt
																				FC Schalke 04
																				Hertha BSC",129,16,1,0.12
* Active player,NA,NA,NA,NA,NA,NA
851,Harald Cerny,"TSV 1860 München
																				Bayern München",254,16,0,0.06
,Vladimír Darida *,"Hertha BSC
																				SC Freiburg",141,16,5,0.11
,Arthur Dobat,Karlsruher SC,72,16,0,0.22
,Jens Dowe,"TSV 1860 München
																				Hansa Rostock",143,16,0,0.11
,Johnny Ekström,"Eintracht Frankfurt
																				Bayern München
																				Dynamo Dresden",69,16,0,0.23
,Horst Feilzer,"KFC Uerdingen 05
																				FC St. Pauli
																				Blau-Weiß 90 Berlin",128,16,1,0.13
,Manuel Friedrich,"Borussia Dortmund
																				Bayer Leverkusen
																				1. FSV Mainz 05",258,16,0,0.06
,Bjarne Goldbæk,"FC Schalke 04
																				1. FC Köln
																				1. FC Kaiserslautern",132,16,0,0.12
,Rudi Gores,"MSV Duisburg
																				Bor. Mönchengladbach
																				Fortuna Düsseldorf",98,16,0,0.16
,İlkay Gündoğan *,"Borussia Dortmund
																				1. FC Nürnberg",152,16,0,0.11
,Thomas Hörster,Bayer Leverkusen,332,16,0,0.05
,Miroslav Kadlec,1. FC Kaiserslautern,210,16,1,0.08
,Kalle Klostermann,Alemannia Aachen,59,16,0,0.27
,Jürgen Kohle,Wuppertaler SV,56,16,9,0.29
,Benjamin Köhler,Eintracht Frankfurt,169,16,0,0.09
,Willi Kraus,FC Schalke 04,36,16,3,0.44
,Georg Lechner,Eintracht Frankfurt,45,16,1,0.36
,Stefan Lottermann,"Eintracht Frankfurt
																				1. FC Nürnberg",118,16,0,0.14
,Karl-Heinz Mrosko,"Hannover 96
																				Bayern München",79,16,0,0.20
,Andreas Neuendorf,"Hertha BSC
																				Bayer Leverkusen",200,16,0,0.08
,Hans-Günter Neues,"1. FC Kaiserslautern
																				Fortuna Köln",220,16,4,0.07
,Ludwig Nolden,MSV Duisburg,91,16,15,0.18
,Rade Prica,Hansa Rostock,84,16,0,0.19
,Dimitar Rangelov *,"Borussia Dortmund
																				Energie Cottbus",60,16,1,0.27
,Thomas Rohrbach,Eintracht Frankfurt,134,16,0,0.12
,Altin Rraklli,"SC Freiburg
																				SpVgg Unterhaching",111,16,4,0.14
,Michael Rzehaczek,VfL Bochum,139,16,1,0.12
,Haris Seferović *,Eintracht Frankfurt,86,16,1,0.19
,Horst Steffen,"MSV Duisburg
																				KFC Uerdingen 05",207,16,2,0.08
,Miroslav Stević,"TSV 1860 München
																				Borussia Dortmund
																				VfL Bochum
																				Dynamo Dresden",271,16,3,0.06
,Hermann Straschitz,"Borussia Dortmund
																				Hannover 96",74,16,8,0.22
,Jan Svensson,Eintracht Frankfurt,96,16,0,0.17
,Michael Sziedat,"Eintracht Frankfurt
																				Hertha BSC",379,16,0,0.04
,Marko Topić,"VfL Wolfsburg
																				Energie Cottbus",107,16,0,0.15
,Bernhard Trares,"Werder Bremen
																				TSV 1860 München",183,16,0,0.09
,Hans-Joachim Weller,"VfB Stuttgart
																				Hannover 96",91,16,2,0.18
,Wolfgang Wolf,"1. FC Kaiserslautern
																				Stuttgarter Kickers",308,16,0,0.05
,Chen Yang,Eintracht Frankfurt,65,16,0,0.25
889,Lucas Alario *,Bayer Leverkusen,49,15,1,0.31
,Sergio Allievi,"1. FC Kaiserslautern
																				Dynamo Dresden",129,15,0,0.12
,Hamit Altintop,"FC Schalke 04
																				Bayern München",192,15,0,0.08
,Zoubaïer Baya,SC Freiburg,85,15,0,0.18
,Änis Ben-Hatira *,"Eintracht Frankfurt
																				Hertha BSC
																				Hamburger SV
																				SV Darmstadt 98",101,15,0,0.15
,Rade Bogdanović,Werder Bremen,75,15,0,0.20
,Andreas Buck,"1. FC Kaiserslautern
																				VfB Stuttgart",268,15,0,0.06
,Vladimir But,"Borussia Dortmund
																				SC Freiburg",132,15,0,0.11
,Christian Clemens *,"1. FC Köln
																				1. FSV Mainz 05",143,15,0,0.10
,Gerd Dais,Waldhof Mannheim,63,15,4,0.24
,Pablo de Blasis *,1. FSV Mainz 05,103,15,4,0.15
,Igor de Camargo *,"Bor. Mönchengladbach
																				1899 Hoffenheim",66,15,0,0.23
* Active player,NA,NA,NA,NA,NA,NA
901,Igor Demo,Bor. Mönchengladbach,86,15,3,0.17
,Wolfgang Dremmler,"Eintracht Braunschweig
																				Bayern München",310,15,0,0.05
,Hans-Georg Dulz,Eintracht Braunschweig,109,15,0,0.14
,Hermann Erlhoff,"FC Schalke 04
																				Rot-Weiss Essen",162,15,1,0.09
,Markus Feulner *,"1. FC Nürnberg
																				1. FC Köln
																				1. FSV Mainz 05
																				FC Augsburg",204,15,0,0.07
,Marco Haber,"1. FC Kaiserslautern
																				VfB Stuttgart
																				SpVgg Unterhaching",275,15,0,0.05
,Uwe Harttgen,Werder Bremen,82,15,1,0.18
,Herbert Heidenreich,"1. FC Nürnberg
																				Bor. Mönchengladbach",162,15,1,0.09
,Norbert Hofmann,KFC Uerdingen 05,74,15,0,0.20
,Jorginho,"Bayern München
																				Bayer Leverkusen",154,15,0,0.10
,Felix Klaus *,"Hannover 96
																				SC Freiburg
																				VfL Wolfsburg
																				SpVgg Greuther Fürth",136,15,0,0.11
,Dietmar Klinger,KFC Uerdingen 05,208,15,0,0.07
,Peer Kluge,"FC Schalke 04
																				1. FC Nürnberg
																				Bor. Mönchengladbach",220,15,0,0.07
,Hartmut Konschal,"Werder Bremen
																				Eintracht Braunschweig",199,15,0,0.08
,Willi Koslowski,"FC Schalke 04
																				Rot-Weiss Essen",64,15,0,0.23
,Dieter Koulmann,"Bayern München
																				Kickers Offenbach",101,15,2,0.15
,Harald Krämer,Eintracht Frankfurt,67,15,0,0.22
,Michael Künast,"Eintracht Frankfurt
																				Karlsruher SC",52,15,0,0.29
,Heiko Laeßig,KFC Uerdingen 05,82,15,0,0.18
,Thorsten Legat,"Werder Bremen
																				Eintracht Frankfurt
																				VfL Bochum",243,15,2,0.06
,Thomas Linke,"FC Schalke 04
																				Bayern München",341,15,0,0.04
,Luiz Gustavo *,"Bayern München
																				VfL Wolfsburg
																				1899 Hoffenheim",245,15,0,0.06
,Hartmann Madl,Karlsruher SC,40,15,0,0.38
,Sławomir Majak,Hansa Rostock,108,15,0,0.14
,Rüdiger Mielke,MSV Duisburg,15,15,0,1.00
,Vasile Miriuţă,Energie Cottbus,63,15,5,0.24
,Dimitrios Moutas,"VfL Bochum
																				Stuttgarter Kickers",47,15,0,0.32
,Mirosław Okoński,Hamburger SV,62,15,0,0.24
,Sepp Piontek,Werder Bremen,203,15,0,0.07
,Pavel Pogrebnyak *,VfB Stuttgart,68,15,1,0.22
,Hany Ramzy,"Werder Bremen
																				1. FC Kaiserslautern",228,15,0,0.07
,Marcel Risse *,"1. FC Köln
																				1. FSV Mainz 05",170,15,0,0.09
,Ricardo Rodríguez *,VfL Wolfsburg,149,15,8,0.10
,Marcel Sabitzer *,RB Leipzig,84,15,0,0.18
,Stefan Schnoor,"Hamburger SV
																				VfL Wolfsburg",277,15,1,0.05
,Hans Schumacher,Rot-Weiß Oberhausen,71,15,0,0.21
,Jochen Seitz,"FC Schalke 04
																				1. FC Kaiserslautern
																				VfB Stuttgart
																				SpVgg Unterhaching",162,15,0,0.09
,Jürgen Sobieray,"FC Schalke 04
																				Borussia Dortmund",223,15,0,0.07
,Zvonimir Soldo,VfB Stuttgart,301,15,0,0.05
,Michael Sternkopf,"Karlsruher SC
																				Bor. Mönchengladbach
																				Bayern München
																				Arminia Bielefeld",210,15,0,0.07
,Stefan Studer,"Eintracht Frankfurt
																				Hansa Rostock",243,15,0,0.06
,Neven Subotić *,Borussia Dortmund,209,15,0,0.07
,Peter Wibrån,Hansa Rostock,137,15,2,0.11
,Peter Wulf,Hamburger SV,44,15,0,0.34
,Rainer Zietsch,"1. FC Nürnberg
																				VfB Stuttgart
																				KFC Uerdingen 05",265,15,1,0.06
946,Antônio da Silva,"Karlsruher SC
																				Borussia Dortmund
																				VfB Stuttgart
																				1. FSV Mainz 05",168,14,1,0.08
,Marko Arnautović *,Werder Bremen,72,14,0,0.19
,Leon Bailey *,Bayer Leverkusen,67,14,0,0.21
,Ralf Balzis,"Eintracht Frankfurt
																				Hamburger SV",65,14,0,0.22
,Horst Berg,"TSV 1860 München
																				Eintracht Braunschweig
																				Hannover 96
																				Borussia Neunkirchen",134,14,0,0.10
* Active player,NA,NA,NA,NA,NA,NA
951,Isaac Boakye,"Arminia Bielefeld
																				VfL Wolfsburg",72,14,1,0.19
,Aleksandr Borodyuk,"FC Schalke 04
																				SC Freiburg",83,14,0,0.17
,Nico Braun,FC Schalke 04,35,14,0,0.40
,Kingsley Coman *,Bayern München,83,14,0,0.17
,Youri Djorkaeff,1. FC Kaiserslautern,55,14,4,0.25
,Georgi Donkov,"1. FC Köln
																				VfL Bochum",80,14,0,0.18
,Alexander Esswein *,"Hertha BSC
																				1. FC Nürnberg
																				FC Augsburg",188,14,0,0.07
,Martin Fenin,Eintracht Frankfurt,89,14,0,0.16
,Hans-Jürgen Ferdinand,Alemannia Aachen,25,14,0,0.56
,Klaus Fichtel,FC Schalke 04,552,14,4,0.03
,Jan Åge Fjørtoft,Eintracht Frankfurt,52,14,1,0.27
,Emil Forsberg *,RB Leipzig,70,14,5,0.20
,Mikael Forssell,"Hannover 96
																				Bor. Mönchengladbach",60,14,3,0.23
,Mike Frantz *,"1. FC Nürnberg
																				SC Freiburg",209,14,0,0.07
,Arne Friedrich,Hertha BSC,246,14,0,0.06
,Norbert Fruck,"Eintracht Frankfurt
																				MSV Duisburg",173,14,1,0.08
,Gilberto,Hertha BSC,101,14,0,0.14
,Gerhard Grau,Hertha BSC,157,14,0,0.09
,Günter Güttler,"FC Schalke 04
																				1. FC Nürnberg
																				Bayern München
																				Waldhof Mannheim",234,14,2,0.06
,Peter Gutzeit,"Karlsruher SC
																				Hertha BSC",71,14,1,0.20
,Tomasz Hajto,"FC Schalke 04
																				MSV Duisburg",201,14,4,0.07
,Michael Harforth,Karlsruher SC,181,14,6,0.08
,Frank Heinemann,VfL Bochum,195,14,10,0.07
,Hendrik Herzog,"FC Schalke 04
																				Hertha BSC
																				VfB Stuttgart
																				SpVgg Unterhaching",208,14,0,0.07
,Aliaksandr Hleb *,"VfB Stuttgart
																				VfL Wolfsburg",168,14,0,0.08
,Wilhelm Hoffmann,Bayern München,55,14,0,0.25
,Dirk Hupe,"Borussia Dortmund
																				Arminia Bielefeld",214,14,0,0.07
,Naby Keïta *,RB Leipzig,58,14,0,0.24
,Sami Khedira *,VfB Stuttgart,98,14,0,0.14
,Oliver Kreuzer,"Karlsruher SC
																				Bayern München",282,14,0,0.05
,Philipp Lahm,"VfB Stuttgart
																				Bayern München",385,14,2,0.04
,Radoslav Látal,FC Schalke 04,187,14,0,0.07
,Matthias Lehmann *,"TSV 1860 München
																				1. FC Köln
																				Alemannia Aachen
																				FC St. Pauli",185,14,6,0.08
,Danijel Ljuboja,"Hamburger SV
																				VfB Stuttgart
																				VfL Wolfsburg",53,14,2,0.26
,Alexandru Maxim *,"VfB Stuttgart
																				1. FSV Mainz 05",134,14,0,0.10
,Viorel Năstase,TSV 1860 München,23,14,2,0.61
,Marc Oechler,1. FC Nürnberg,163,14,0,0.09
,Tomáš Pekhart *,1. FC Nürnberg,89,14,0,0.16
,Hans-Otto Peters,VfB Stuttgart,40,14,0,0.35
,Eugen Polanski,"Bor. Mönchengladbach
																				1. FSV Mainz 05
																				1899 Hoffenheim",254,14,5,0.06
,Christian Rahn,"Hamburger SV
																				FC St. Pauli
																				Hansa Rostock",117,14,0,0.12
,Pasi Rautiainen,"Werder Bremen
																				Arminia Bielefeld",116,14,0,0.12
,Thomas Reis,"Eintracht Frankfurt
																				VfL Bochum",128,14,1,0.11
,Winfried Richter,1. FC Kaiserslautern,71,14,0,0.20
,James Rodríguez *,Bayern München,43,14,0,0.33
,Andrzej Rudy,1. FC Köln,134,14,0,0.10
,Lukas Rupp *,"VfB Stuttgart
																				SC Paderborn 07
																				1899 Hoffenheim",129,14,0,0.11
,Yuriy Savichev,"1. FC Saarbrücken
																				FC St. Pauli",57,14,0,0.25
,Hubert Schmitz,Fortuna Düsseldorf,98,14,0,0.14
,Manfred Schwabl,"TSV 1860 München
																				1. FC Nürnberg
																				Bayern München",303,14,0,0.05
* Active player,NA,NA,NA,NA,NA,NA
